,Unnamed: 0,frame.number,TotW,TotVar,Phv.neut.ang,A.phsA,vsd1_speed,vsd2_speed,scada_q2c_sync_activated,q2c_in_sync,gen1_p_negative,gen2_p_negative,label
0,0,1076,0.0,0.0,-81.22530365,0.0,7501,7500,-1,0,0,0,0
1,1,2849,0.0,0.0,-83.5689621,0.0,7501,7500,-1,0,0,0,0
2,2,4432,0.0,0.0,103.8189926,0.0,7501,7500,-1,0,0,0,0
3,3,6051,0.0,0.0,96.04997253,0.0,7501,7500,-1,0,0,0,0
4,4,7700,0.0,0.0,95.9024353,0.0,7501,7500,-1,0,0,0,0
5,5,9433,0.0,0.0,93.63936615,0.0,7501,7500,-1,0,0,0,0
6,6,11505,0.0,0.0,91.07124329,0.0,7501,7500,-1,0,0,0,0
7,7,13456,0.0,0.0,88.52568817,0.0,7501,7500,-1,0,0,0,0
8,8,15062,0.0,0.0,87.57239532,0.0,7501,7500,-1,0,0,0,0
9,9,16775,0.0,0.0,87.99520874,0.0,7501,7500,-1,0,0,0,0
10,10,18375,0.0,0.0,115.1158524,0.0,7501,7500,-1,0,0,0,0
11,11,19947,0.0,0.0,111.6635361,0.0,7501,7500,-1,0,0,0,0
12,12,21577,0.0,0.0,108.7190628,0.0,7501,7500,-1,0,0,0,0
13,13,23197,0.0,0.0,105.7353973,0.0,7501,7500,-1,0,0,0,0
14,14,24811,0.0,0.0,103.4248581,0.0,7501,7500,-1,0,0,0,0
15,15,26409,0.0,0.0,102.0602493,0.0,7501,7500,-1,0,0,0,0
16,16,28012,0.0,0.0,100.7720566,0.0,7501,7500,-1,0,0,0,0
17,17,29627,0.0,0.0,98.1759491,0.0,7501,7500,-1,0,0,0,0
18,18,31273,0.0,0.0,95.28206635,0.0,7501,7500,-1,0,0,0,0
19,19,32903,0.0,0.0,93.06406403,0.0,7501,7500,-1,0,0,0,0
20,20,34473,0.0,0.0,88.53762817,0.0,7501,7500,-1,0,0,0,0
21,21,36102,0.0,0.0,85.27424622,0.0,7501,7500,-1,0,0,0,0
22,22,37728,0.0,0.0,85.25330353,0.0,7501,7500,-1,0,0,0,0
23,23,39321,0.0,0.0,81.73861694,0.0,7501,7500,-1,0,0,0,0
24,24,40942,0.0,0.0,80.30228424,0.0,7501,7500,-1,0,0,0,0
25,25,42551,0.0,0.0,79.3559494,0.0,7501,7500,-1,0,0,0,0
26,26,44154,0.0,0.0,76.59950256,0.0,7501,7500,-1,0,0,0,0
27,27,45878,0.0,0.0,72.69565582,0.0,7501,7500,-1,0,0,0,0
28,28,47508,0.0,0.0,69.10758972,0.0,7501,7500,-1,0,0,0,0
29,29,49135,0.0,0.0,67.18841553,0.0,7501,7500,-1,0,0,0,0
30,30,50716,0.0,0.0,65.05239105,0.0,7501,7500,-1,0,0,0,0
31,31,52474,0.0,0.0,63.52149963,0.0,7501,7500,-1,0,0,0,0
32,32,54089,0.0,0.0,61.66176224,0.0,7501,7500,-1,0,0,0,0
33,33,55728,0.0,0.0,61.89383316,0.0,7501,7500,-1,0,0,0,0
34,34,57521,0.0,0.0,60.34251404,0.0,7501,7500,-1,0,0,0,0
35,35,59227,0.0,0.0,56.98648834,0.0,7501,7500,-1,0,0,0,0
36,36,61205,0.0,0.0,56.07244873,0.0,7501,7500,-1,0,0,0,0
37,37,63114,0.0,0.0,51.94606781,0.0,7501,7500,-1,0,0,0,0
38,38,64728,0.0,0.0,48.5819931,0.0,7501,7500,-1,0,0,0,0
39,39,66311,0.0,0.0,44.19845581,0.0,7501,7500,-1,0,0,0,0
40,40,67899,0.0,0.0,41.3237114,0.0,7501,7500,-1,0,0,0,0
41,41,69645,0.0,0.0,40.20146179,0.0,7501,7500,-1,0,0,0,0
42,42,71247,0.0,0.0,37.60091019,0.0,7501,7500,-1,0,0,0,0
43,43,72876,0.0,0.0,37.41612244,0.0,7501,7500,-1,0,0,0,0
44,44,74493,0.0,0.0,33.74486542,0.0,7501,7500,-1,0,0,0,0
45,45,76062,0.0,0.0,32.91027451,0.0,7501,7500,-1,0,0,0,0
46,46,77644,0.0,0.0,30.10022354,0.0,7501,7500,-1,0,0,0,0
47,47,79265,0.0,0.0,28.87163734,0.0,7501,7500,-1,0,0,0,0
48,48,80867,0.0,0.0,24.8686161,0.0,7501,7500,-1,0,0,0,0
49,49,82477,0.0,0.0,22.12214088,0.0,7501,7500,-1,0,0,0,0
50,50,84045,0.0,0.0,20.10994339,0.0,7501,7500,-1,0,0,0,0
51,51,85651,0.0,0.0,17.55456161,0.0,7501,7500,-1,0,0,0,0
52,52,87257,0.0,0.0,16.45092773,0.0,7501,7500,-1,0,0,0,0
53,53,88851,0.0,0.0,12.97131252,0.0,7501,7500,-1,0,0,0,0
54,54,90456,0.0,0.0,12.61754131,0.0,7501,7500,-1,0,0,0,0
55,55,92028,0.0,0.0,9.328314781,0.0,7501,7500,-1,0,0,0,0
56,56,93632,0.0,0.0,6.984508038,0.0,7501,7500,-1,0,0,0,0
57,57,95406,0.0,0.0,2.551170111,0.0,7501,7500,-1,0,0,0,0
58,58,97027,0.0,0.0,1.324478149,0.0,7501,7500,-1,0,0,0,0
59,59,98589,0.0,0.0,-1.713458896,0.0,7501,7500,-1,0,0,0,0
60,60,100305,0.0,0.0,-2.545341492,0.0,7501,7500,-1,0,0,0,0
61,61,101905,0.0,0.0,-4.302333355,0.0,7501,7500,-1,0,0,0,0
62,62,103474,0.0,0.0,-3.548500061,0.0,7501,7500,-1,0,0,0,0
63,63,105071,0.0,0.0,-7.619845867,0.0,7501,7500,-1,0,0,0,0
64,64,106838,0.0,0.0,-9.180323601,0.0,7501,7500,-1,0,0,0,0
65,65,108679,0.0,0.0,-12.33748245,0.0,7501,7500,-1,0,0,0,0
66,66,110453,0.0,0.0,-19.295578,0.0,7501,7500,-1,0,0,0,0
67,67,112428,0.0,0.0,-22.9653511,0.0,7501,7500,-1,0,0,0,0
68,68,114028,0.0,0.0,-23.71342087,0.0,7501,7500,-1,0,0,0,0
69,69,115639,0.0,0.0,-26.73956108,0.0,7501,7500,-1,0,0,0,0
70,70,117225,0.0,0.0,-27.5759201,0.0,7501,7500,-1,0,0,0,0
71,71,118857,0.0,0.0,-30.22308922,0.0,7501,7500,-1,0,0,0,0
72,72,120457,0.0,0.0,-31.67094231,0.0,7501,7500,-1,0,0,0,0
73,73,122053,0.0,0.0,-35.26590729,0.0,7501,7500,-1,0,0,0,0
74,74,123690,0.0,0.0,-36.33824921,0.0,7501,7500,-1,0,0,0,0
75,75,125277,0.0,0.0,-39.35749054,0.0,7501,7500,-1,0,0,0,0
76,76,126869,0.0,0.0,-42.58904266,0.0,7501,7500,-1,0,0,0,0
77,77,128490,0.0,0.0,-42.89757156,0.0,7501,7500,-1,0,0,0,0
78,78,130074,0.0,0.0,-46.30215836,0.0,7501,7500,-1,0,0,0,0
79,79,131687,0.0,0.0,-47.94509125,0.0,7501,7500,-1,0,0,0,0
80,80,133273,0.0,0.0,-51.50523376,0.0,7501,7500,-1,0,0,0,0
81,81,134864,0.0,0.0,-51.41635132,0.0,7501,7500,-1,0,0,0,0
82,82,136474,0.0,0.0,-55.1195488,0.0,7501,7500,-1,0,0,0,0
83,83,138111,0.0,0.0,-57.04630661,0.0,7501,7500,-1,0,0,0,0
84,84,139715,0.0,0.0,-60.60905075,0.0,7501,7500,-1,0,0,0,0
85,85,141323,0.0,0.0,-64.43260956,0.0,7501,7500,-1,0,0,0,0
86,86,142926,0.0,0.0,-64.42625427,0.0,7501,7500,-1,0,0,0,0
87,87,144712,0.0,0.0,-68.41844177,0.0,7501,7500,-1,0,0,0,0
88,88,146334,0.0,0.0,-68.53322601,0.0,7501,7500,-1,0,0,0,0
89,89,147916,0.0,0.0,-70.80300903,0.0,7501,7500,-1,0,0,0,0
90,90,149636,0.0,0.0,-70.80271912,0.0,7501,7500,-1,0,0,0,0
91,91,151263,0.0,0.0,-75.37062073,0.0,7501,7500,-1,0,0,0,0
92,92,152833,0.0,0.0,-76.81673431,0.0,7501,7500,-1,0,0,0,0
93,93,154447,0.0,0.0,-80.26166534,0.0,7501,7500,-1,0,0,0,0
94,94,156243,0.0,0.0,-84.56021881,0.0,7501,7500,-1,0,0,0,0
95,95,158302,0.0,0.0,-85.01817322,0.0,7501,7500,-1,0,0,0,0
96,96,160218,0.0,0.0,-88.61607361,0.0,7501,7500,-1,0,0,0,0
97,97,161844,0.0,0.0,-89.95436096,0.0,7501,7500,-1,0,0,0,0
98,98,163447,0.0,0.0,-92.47836304,0.0,7501,7500,-1,0,0,0,0
99,99,165060,0.0,0.0,-92.59911346,0.0,7501,7500,-1,0,0,0,0
100,100,166680,0.0,0.0,-96.69988251,0.0,7501,7500,-1,0,0,0,0
101,101,168274,0.0,0.0,-97.97955322,0.0,7501,7500,-1,0,0,0,0
102,102,169889,0.0,0.0,-101.7258911,0.0,7501,7500,-1,0,0,0,0
103,103,171503,0.0,0.0,-104.0610733,0.0,7501,7500,-1,0,0,0,0
104,104,173104,0.0,0.0,-105.5792084,0.0,7501,7500,-1,0,0,0,0
105,105,174689,0.0,0.0,-108.0493011,0.0,7501,7500,-1,0,0,0,0
106,106,176275,0.0,0.0,-110.5304337,0.0,7501,7500,-1,0,0,0,0
107,107,178049,0.0,0.0,-110.5707092,0.0,7501,7500,-1,0,0,0,0
108,108,179652,0.0,0.0,-114.7018204,0.0,7501,7500,-1,0,0,0,0
109,109,181258,0.0,0.0,-115.7479401,0.0,7501,7500,-1,0,0,0,0
110,110,182849,0.0,0.0,-119.1156921,0.0,7501,7500,-1,0,0,0,0
111,111,184459,0.0,0.0,-120.6124802,0.0,7501,7500,-1,0,0,0,0
112,112,186074,0.0,0.0,-125.0655823,0.0,7501,7500,-1,0,0,0,0
113,113,187765,0.0,0.0,-127.7139893,0.0,7501,7500,-1,0,0,0,0
114,114,189363,0.0,0.0,-129.6667023,0.0,7501,7500,-1,0,0,0,0
115,115,190982,0.0,0.0,-130.7894592,0.0,7501,7500,-1,0,0,0,0
116,116,192719,0.0,0.0,-133.6434631,0.0,7501,7500,-1,0,0,0,0
117,117,194326,0.0,0.0,-134.0318298,0.0,7501,7500,-1,0,0,0,0
118,118,195933,0.0,0.0,-139.8078613,0.0,7502,7500,1,0,0,0,0
119,119,197542,0.0,0.0,-144.4135437,0.0,7502,7500,1,0,0,0,0
120,120,199312,0.0,0.0,-151.0764618,0.0,7502,7500,1,0,0,0,0
121,121,200930,0.0,0.0,-155.6475983,0.0,7502,7500,1,0,0,0,0
122,122,202534,0.0,0.0,-162.2568817,0.0,7502,7500,1,0,0,0,0
123,123,204311,0.0,0.0,-164.6175232,0.0,7502,7500,1,0,0,0,0
124,124,206096,0.0,0.0,-171.6183624,0.0,7502,7500,1,0,0,0,0
125,125,208069,0.0,0.0,-174.1852264,0.0,7502,7500,1,0,0,0,0
126,126,210034,0.0,0.0,179.8259583,0.0,7502,7500,1,0,0,0,0
127,127,211660,0.0,0.0,177.1138916,0.0,7502,7500,1,0,0,0,0
128,128,213280,0.0,0.0,171.2125854,0.0,7502,7500,1,0,0,0,0
129,129,214872,0.0,0.0,167.2832947,0.0,7502,7500,1,0,0,0,0
130,130,216465,0.0,0.0,160.9305573,0.0,7502,7500,1,0,0,0,0
131,131,218069,0.0,0.0,155.1259155,0.0,7502,7500,1,0,0,0,0
132,132,219675,0.0,0.0,152.4499817,0.0,7502,7500,1,0,0,0,0
133,133,221258,0.0,0.0,147.832428,0.0,7502,7500,1,0,0,0,0
134,134,222870,0.0,0.0,144.3404846,0.0,7502,7500,1,0,0,0,0
135,135,224466,0.0,0.0,138.8127441,0.0,7502,7500,1,0,0,0,0
136,136,226082,0.0,0.0,135.4765625,0.0,7502,7500,1,0,0,0,0
137,137,227652,0.0,0.0,129.0211639,0.0,7502,7500,1,0,0,0,0
138,138,229262,0.0,0.0,123.7700348,0.0,7502,7500,1,0,0,0,0
139,139,230869,0.0,0.0,118.2986374,0.0,7502,7500,1,0,0,0,0
140,140,232569,0.0,0.0,113.4768524,0.0,7502,7500,1,0,0,0,0
141,141,234187,0.0,0.0,108.0680695,0.0,7502,7500,1,0,0,0,0
142,142,235796,0.0,0.0,105.1475601,0.0,7502,7500,1,0,0,0,0
143,143,237440,0.0,0.0,100.7088852,0.0,7502,7500,1,0,0,0,0
144,144,239021,0.0,0.0,96.89804077,0.0,7502,7500,1,0,0,0,0
145,145,240601,0.0,0.0,91.772995,0.0,7502,7500,1,0,0,0,0
146,146,242377,0.0,0.0,88.2946701,0.0,7502,7500,1,0,0,0,0
147,147,243957,0.0,0.0,83.0162735,0.0,7502,7500,1,0,0,0,0
148,148,245582,0.0,0.0,78.4847641,0.0,7502,7500,1,0,0,0,0
149,149,247356,0.0,0.0,72.10451508,0.0,7502,7500,1,0,0,0,0
150,150,248976,0.0,0.0,68.16844177,0.0,7502,7500,1,0,0,0,0
151,151,250561,0.0,0.0,63.41889191,0.0,7502,7500,1,0,0,0,0
152,152,252167,0.0,0.0,59.21310043,0.0,7502,7500,1,0,0,0,0
153,153,253978,0.0,0.0,54.72070694,0.0,7502,7500,1,0,0,0,0
154,154,255859,0.0,0.0,49.68468094,0.0,7502,7500,1,0,0,0,0
155,155,257638,0.0,0.0,45.41716003,0.0,7502,7500,1,0,0,0,0
156,156,259559,0.0,0.0,39.11205673,0.0,7502,7500,1,0,0,0,0
157,157,261166,0.0,0.0,33.62345123,0.0,7502,7500,1,0,0,0,0
158,158,262785,0.0,0.0,28.93150902,0.0,7502,7500,1,0,0,0,0
159,159,264395,0.0,0.0,24.60248566,0.0,7502,7500,1,0,0,0,0
160,160,265989,0.0,0.0,19.94469261,0.0,7502,7500,1,0,0,0,0
161,161,267586,0.0,0.0,17.47119904,0.0,7502,7500,1,0,0,0,0
162,162,269174,0.0,0.0,11.58451748,0.0,7502,7500,1,0,0,0,0
163,163,270747,0.0,0.0,9.239440918,0.0,7502,7500,1,0,0,0,0
164,164,272384,-0.845091164,332.7727661,-0.129776001,0.524999976,7501,7500,0,1,0,0,0
165,165,273999,29.14357185,713.3656616,-0.109329216,1.124999881,7501,7500,0,1,0,0,0
166,166,275614,80.58547974,922.7913208,-0.133117661,1.399999857,7501,7500,0,1,0,0,0
167,167,277227,155.7985992,1066.637939,-0.137939453,1.599999785,7501,7500,0,1,0,0,0
168,168,278829,219.880661,1042.818359,-0.140792832,1.574999809,7501,7500,0,1,0,0,0
169,169,280440,234.5007324,1070.730469,-0.167419434,1.599999785,7501,7500,0,1,0,0,0
170,170,282047,296.530426,1023.248474,-0.071014397,1.574999809,7501,7500,0,1,0,0,0
171,171,283656,239.4867859,1112.212402,-0.102416992,1.674999833,7501,7500,0,1,0,0,0
172,172,285385,347.2359009,1094.900146,-0.108367912,1.699999809,7501,7500,0,1,0,0,0
173,173,286986,390.5407715,1048.915161,-0.11772155,1.624999881,7501,7500,0,1,0,0,0
174,174,288571,394.6817322,1022.27063,-0.180847153,1.599999785,7501,7500,0,1,0,0,0
175,175,290163,479.7099609,972.6637573,-0.08744812,1.599999785,7501,7500,0,1,0,0,0
176,176,291953,439.109375,1010.270264,-0.153411865,1.624999881,7501,7500,0,1,0,0,0
177,177,293504,454.9850159,1010.113281,-0.107086182,1.624999881,7501,7500,0,1,0,0,0
178,178,295063,575.0484009,1001.529663,-0.14050293,1.699999809,7501,7500,0,1,0,0,0
179,179,296818,633.8546143,1003.582031,-0.143295288,1.699999809,7501,7500,0,1,0,0,0
180,180,298406,630.2327881,1010.910217,-0.091445915,1.699999809,7501,7500,0,1,0,0,0
181,181,299971,628.1200562,948.0595093,-0.132598877,1.699999809,7501,7500,0,1,0,0,0
182,182,301584,697.6589966,995.6623535,-0.142944336,1.774999857,7501,7500,0,1,0,0,0
183,183,303349,704.09375,969.3920288,-0.144317627,1.749999762,7501,7500,0,1,0,0,0
184,184,305285,776.4456787,935.9988403,-0.147964478,1.724999905,7501,7500,0,1,0,0,0
185,185,307111,824.9417725,944.1480103,-0.151412964,1.799999833,7501,7500,0,1,0,0,0
186,186,308988,824.1087646,960.977356,-0.127365112,1.824999928,7501,7500,0,1,0,0,0
187,187,310579,849.6668091,960.3977661,-0.160140991,1.824999928,7501,7500,0,1,0,0,0
188,188,312170,921.3305054,916.8032227,-0.098953247,1.849999785,7501,7500,0,1,0,0,0
189,189,313766,972.8327026,900.4447021,-0.119491577,1.874999881,7501,7500,0,1,0,0,0
190,190,315377,986.0403442,851.1638184,-0.152374268,1.849999785,7501,7500,0,1,0,0,0
191,191,316953,991.2435913,908.1591187,-0.140029892,1.899999857,7501,7500,0,1,0,0,0
192,192,318539,1051.063965,891.9334106,-0.12239074,1.924999952,7501,7500,0,1,0,0,0
193,193,320111,1125.637329,820.6801147,-0.134719849,1.974999905,7501,7500,0,1,0,0,0
194,194,321705,1123.922974,871.9651489,-0.129898071,2.024999619,7501,7500,0,1,0,0,0
195,195,323322,1129.609253,865.6752319,-0.139419541,2.024999619,7501,7500,0,1,0,0,0
196,196,324927,1272.23645,784.5101929,-0.144271851,2.124999762,7501,7500,0,1,0,0,0
197,197,326506,1262.831787,823.3844604,-0.11618042,2.124999762,7501,7500,0,1,0,0,0
198,198,328070,1234.871338,787.9992676,-0.212585449,2.024999619,7501,7500,0,1,0,0,0
199,199,329691,1349.296753,810.7684326,-0.156448349,2.199999809,7501,7500,0,1,0,0,0
200,200,331311,1354.536255,799.5407715,-0.152130112,2.224999666,7501,7500,0,1,0,0,0
201,201,332907,1352.447754,793.2508545,-0.148651123,2.199999809,7501,7500,0,1,0,0,0
202,202,334472,1430.268555,727.5269775,-0.100479119,2.224999666,7501,7500,0,1,0,0,0
203,203,336056,1458.977539,772.0149536,-0.177017212,2.324999809,7501,7500,0,1,0,0,0
204,204,337668,1521.7677,785.4639282,-0.142471313,2.374999762,7501,7500,0,1,0,0,0
205,205,339276,1488.483154,835.807251,-0.111557007,2.399999619,7501,7500,0,1,0,0,0
206,206,341016,1583.459473,799.142395,-0.126312241,2.474999905,7501,7500,0,1,0,0,0
207,207,342628,1621.06604,775.5522461,-0.143096924,2.499999762,7501,7500,0,1,0,0,0
208,208,344216,1632.788574,765.8578491,-0.178840622,2.474999905,7501,7500,0,1,0,0,0
209,209,345994,1694.178345,748.9197998,-0.186828613,2.599999666,7501,7500,0,1,0,0,0
210,210,347581,1762.353027,747.3262329,-0.154731736,2.674999714,7501,7500,0,1,0,0,0
211,211,349175,1739.656372,783.9066162,-0.136787415,2.649999857,7501,7500,0,1,0,0,0
212,212,350794,1866.963379,727.0319214,-0.137275696,2.799999714,7501,7500,0,1,0,0,0
213,213,352531,1807.891479,726.3800659,-0.130371079,2.699999809,7501,7500,0,1,0,0,0
214,214,354645,1823.97229,736.3883667,-0.137413025,2.699999809,7501,7500,0,1,0,0,0
215,215,356626,1930.212402,624.3413086,-0.191879258,2.824999809,7501,7500,0,1,0,0,0
216,216,358216,1947.319458,704.9026489,-0.111000061,2.899999857,7501,7500,0,1,0,0,0
217,217,359817,1950.023682,700.3391724,-0.195350647,2.874999762,7501,7500,0,1,0,0,0
218,218,361423,2071.765137,658.9055176,-0.119613647,2.999999762,7501,7500,0,1,0,0,0
219,219,363031,2019.236572,698.6369019,-0.134559616,2.924999952,7501,7500,0,1,0,0,0
220,220,364632,2125.621582,625.3192139,-0.150192246,3.049999714,7501,7500,0,1,0,0,0
221,221,366234,2206.750488,587.6764526,-0.136810288,3.149999619,7501,7500,0,1,0,0,0
222,222,367821,2144.624268,625.4037476,-0.170600876,3.074999809,7501,7500,0,1,0,0,0
223,223,369396,2230.702637,593.2540283,-0.129562378,3.174999714,7501,7500,0,1,0,0,0
224,224,370962,2314.499512,554.0176392,-0.148773178,3.249999762,7501,7500,0,1,0,0,0
225,225,372604,2348.532715,550.4199219,-0.124923691,3.349999666,7501,7500,0,1,0,0,0
226,226,374199,2410.670898,525.2965698,-0.134361267,3.424999714,7501,7500,0,1,0,0,0
227,227,375803,2371.796631,546.4963379,-0.154335007,3.349999666,7501,7500,0,1,0,0,0
228,228,377385,2414.522217,582.1350098,-0.145698547,3.399999619,7501,7500,0,1,0,0,0
229,229,379018,2511.70752,533.6026611,-0.135154709,3.524999619,7501,7500,0,1,0,0,0
230,230,380617,2513.880615,524.5119019,-0.146011338,3.549999714,7501,7500,0,1,0,0,0
231,231,382231,2577.866211,514.8657837,-0.158782944,3.599999666,7501,7500,0,1,0,0,0
232,232,383852,2559.479248,521.9162598,-0.139900193,3.624999762,7501,7500,0,1,0,0,0
233,233,385439,2641.851563,514.6364136,-0.119567856,3.674999952,7501,7500,0,1,0,0,0
234,234,387046,2663.317139,493.9074707,-0.174957275,3.724999666,7501,7500,0,1,0,0,0
235,235,388819,2703.362061,468.953186,-0.16368866,3.774999619,7501,7500,0,1,0,0,0
236,236,390453,2757.617188,449.322937,-0.138957977,3.849999905,7501,7500,0,1,0,0,0
237,237,392086,2832.19043,441.7291565,-0.172412857,3.949999809,7501,7500,0,1,0,0,0
238,238,393997,2792.6521,455.7697449,-0.13804245,3.874999523,7501,7500,0,1,0,0,0
239,239,395593,2873.792969,437.7572632,-0.15694046,3.974999666,7501,7500,0,1,0,0,0
240,240,397246,2928.337402,426.6744385,-0.165431976,4.074999332,7501,7500,0,1,0,0,0
241,241,398861,2967.875732,371.7314758,-0.128753662,4.124999523,7501,7500,0,1,0,0,0
242,242,400606,3013.23291,423.0768127,-0.148876175,4.199999809,7501,7500,0,1,0,0,0
243,243,402439,3021.188965,406.5130005,-0.143066391,4.199999809,7501,7500,0,1,0,0,0
244,244,404268,3084.461914,386.5447083,-0.133632645,4.249999523,7501,7500,0,1,0,0,0
245,245,406205,3088.916748,397.7240295,-0.186824799,4.249999523,7501,7500,0,1,0,0,0
246,246,407822,3139.899902,391.0961609,-0.165599823,4.349999428,7501,7500,0,1,0,0,0
247,247,409472,3206.505371,355.6143494,-0.144130692,4.424999237,7501,7500,0,1,0,0,0
248,248,411072,3222.779541,371.1036987,-0.182086945,4.449999332,7501,7500,0,1,0,0,0
249,249,412685,3228.610596,369.208252,-0.141365051,4.399999619,7501,7500,0,1,0,0,0
250,250,414296,3344.436279,273.4111633,-0.223152161,4.599999428,7501,7500,0,1,0,0,0
251,251,415899,3367.229736,322.5471802,-0.11274337,4.649999619,7500,7501,0,1,0,0,0
252,252,417463,3316.850342,350.8094482,-0.168201447,4.574999809,7501,7500,0,1,0,0,0
253,253,419068,3393.06543,311.7782898,-0.152389511,4.699999809,7500,7501,0,1,0,0,0
254,254,420674,3278.844971,409.4466858,-0.136425003,4.499999523,7501,7500,0,1,0,0,0
255,255,422267,3301.530029,403.4223633,-0.188053131,4.549999714,7500,7501,0,1,0,0,0
256,256,423883,3247.564697,454.2364807,-0.169782639,4.499999523,7501,7500,0,1,0,0,0
257,257,425456,3258.369629,437.286377,-0.161291122,4.499999523,7501,7500,0,1,0,0,0
258,258,427119,3333.124268,391.4341736,-0.152675629,4.624999523,7500,7501,0,1,0,0,0
259,259,428745,3335.937012,425.7810974,-0.145815849,4.599999428,7500,7501,0,1,0,0,0
260,260,430338,3274.752686,435.1253967,-0.15622519,4.499999523,7501,7500,0,1,0,0,0
261,261,431945,3279.61792,433.5559082,-0.171007156,4.499999523,7501,7500,0,1,0,0,0
262,262,433551,3355.04834,422.7508545,-0.199318871,4.624999523,7500,7501,0,1,0,0,0
263,263,435136,3299.163574,433.6283875,-0.166282177,4.549999714,7501,7500,0,1,0,0,0
264,264,436760,3293.706787,449.6850891,-0.149738312,4.599999428,7501,7500,0,1,0,0,0
265,265,438522,3334.126221,423.9460144,-0.130557522,4.599999428,7500,7501,0,1,0,0,0
266,266,440130,3274.547119,443.2382507,-0.199790701,4.524999619,7500,7501,0,1,0,0,0
267,267,441718,3263.247314,410.6781006,-0.163017526,4.499999523,7501,7500,0,1,0,0,0
268,268,443468,3320.882324,361.469635,-0.151451349,4.599999428,7500,7501,0,1,0,0,0
269,269,445068,3295.167236,387.933075,-0.157927021,4.549999714,7500,7501,0,1,0,0,0
270,270,446687,3222.211914,367.3008118,-0.195875645,4.399999619,7501,7500,0,1,0,0,0
271,271,448286,3277.85498,344.3746643,-0.139584541,4.499999523,7501,7500,0,1,0,0,0
272,272,450098,3358.307861,350.6645508,-0.160679802,4.574999809,7501,7500,0,1,0,0,0
273,273,452101,3313.228271,387.6553955,-0.198433861,4.624999523,7500,7501,0,1,0,0,0
274,274,454021,3361.156982,341.7790222,-0.152012825,4.624999523,7501,7500,0,1,0,0,0
275,275,455676,3255.400146,400.8388367,-0.161870942,4.499999523,7500,7501,0,1,0,0,0
276,276,457307,3296.833496,354.3950195,-0.142780304,4.549999714,7501,7500,0,1,0,0,0
277,277,458863,3302.640625,355.1556091,-0.117607109,4.524999619,7501,7500,0,1,0,0,0
278,278,460457,3351.269775,345.5819397,-0.170564637,4.599999428,7500,7501,0,1,0,0,0
279,279,462068,3304.076904,360.8298035,-0.160621643,4.599999428,7500,7501,0,1,0,0,0
280,280,463687,3294.358643,387.4743042,-0.171804428,4.524999619,7501,7500,0,1,0,0,0
281,281,465309,3300.467529,379.5787354,-0.172563553,4.524999619,7500,7501,0,1,0,0,0
282,282,466917,3268.317871,377.043457,-0.13489531,4.499999523,7501,7500,0,1,0,0,0
283,283,468514,3264.345703,368.2666016,-0.173229218,4.499999523,7501,7500,0,1,0,0,0
284,284,470107,3331.73584,378.5284119,-0.172557816,4.624999523,7501,7500,0,1,0,0,0
285,285,471709,3366.094971,340.0767822,-0.15946196,4.649999619,7500,7501,0,1,0,0,0
286,286,473301,3316.258301,399.4625244,-0.158107758,4.574999809,7500,7501,0,1,0,0,0
287,287,474898,3314.000732,369.3652344,-0.191669464,4.524999619,7501,7500,0,1,0,0,0
288,288,476492,3325.108154,336.2980042,-0.144424424,4.574999809,7500,7501,0,1,0,0,0
289,289,478107,3280.958008,385.3494873,-0.189723954,4.524999619,7500,7501,0,1,0,0,0
290,290,479698,3278.374023,347.8153992,-0.197372422,4.524999619,7501,7500,0,1,0,0,0
291,291,481262,3292.125244,353.4171448,-0.115585312,4.574999809,7501,7500,0,1,0,0,0
292,292,482847,3327.606934,299.7176208,-0.185047135,4.549999714,7501,7500,0,1,0,0,0
293,293,484481,3356.086426,377.574707,-0.154125214,4.574999809,7500,7501,0,1,0,0,0
294,294,486108,3315.498047,341.3806152,-0.17893219,4.549999714,7500,7501,0,1,0,0,0
295,295,487897,3235.733398,404.7745361,-0.17080307,4.449999332,7501,7500,0,1,0,0,0
296,296,489485,3291.871582,359.8036194,-0.130153656,4.549999714,7501,7500,0,1,0,0,0
297,297,491093,3319.083496,382.5124207,-0.200233459,4.574999809,7501,7500,0,1,0,0,0
298,298,492869,3353.321777,343.7468872,-0.151641831,4.574999809,7500,7501,0,1,0,0,0
299,299,494483,3290.700439,413.3099365,-0.168525681,4.474999428,7500,7501,0,1,0,0,0
300,300,496111,3256.884766,387.0276489,-0.146461487,4.524999619,7501,7500,0,1,0,0,0
301,301,497826,3327.111816,364.9466248,-0.157539353,4.574999809,7500,7501,0,1,0,0,0
302,302,499596,3359.189453,339.9439697,-0.143112183,4.624999523,7500,7501,0,1,0,0,0
303,303,501559,3235.057373,374.68927,-0.139945984,4.474999428,7501,7500,0,1,0,0,0
304,304,503618,3267.509033,395.4302673,-0.187332153,4.474999428,7501,7500,0,1,0,0,0
305,305,505210,3330.987305,350.9663696,-0.171173096,4.574999809,7501,7500,0,1,0,0,0
306,306,506821,3371.467285,358.2220764,-0.183448777,4.649999619,7500,7501,0,1,0,0,0
307,307,508443,3296.398926,419.3825684,-0.128471375,4.574999809,7501,7500,0,1,0,0,0
308,308,510083,3341.297363,404.4485779,-0.185913071,4.599999428,7501,7500,0,1,0,0,0
309,309,511686,3339.969482,419.4187622,-0.123291008,4.624999523,7500,7501,0,1,0,0,0
310,310,513281,3333.534668,440.932373,-0.138679489,4.549999714,7500,7501,0,1,0,0,0
311,311,514877,3269.126465,429.0769348,-0.185989365,4.499999523,7501,7500,0,1,0,0,0
312,312,516500,3286.631836,407.29776,-0.136009216,4.549999714,7501,7500,0,1,0,0,0
313,313,518128,3339.848633,428.0869751,-0.188804612,4.624999523,7500,7501,0,1,0,0,0
314,314,519751,3320.725342,406.3077698,-0.143875107,4.574999809,7500,7501,0,1,0,0,0
315,315,521347,3253.347412,422.086853,-0.173599243,4.499999523,7501,7500,0,1,0,0,0
316,316,522922,3373.507568,387.4863586,-0.121513359,4.649999619,7501,7500,0,1,0,0,0
317,317,524528,3304.789551,395.8648682,-0.156135559,4.599999428,7500,7501,0,1,0,0,0
318,318,526129,3236.324951,446.8721313,-0.122352593,4.474999428,7500,7501,0,1,0,0,0
319,319,527784,3227.306641,469.6896057,-0.147216797,4.424999237,7501,7500,0,1,0,0,0
320,320,529441,3311.127686,339.5214233,-0.19858551,4.524999619,7501,7500,0,1,0,0,0
321,321,531041,3341.647461,393.9211121,-0.150794983,4.574999809,7500,7501,0,1,0,0,0
322,322,532622,3364.779053,364.0773315,-0.180091843,4.599999428,7500,7501,0,1,0,0,0
323,323,534208,3149.473877,424.2840881,-0.172172531,4.374999523,7497,7501,0,1,1,0,2
324,324,535980,3019.245361,499.2799072,-0.150505066,4.174999714,7497,7500,0,1,1,0,2
325,325,537591,2943.211182,540.0856934,-0.144134521,4.074999332,7497,7500,0,1,1,0,2
326,326,539201,2750.928955,579.1047363,-0.166114807,3.874999523,7497,7500,0,1,1,0,2
327,327,540978,2643.916016,584.1511841,-0.131523117,3.724999666,7497,7500,0,1,1,0,2
328,328,542586,2511.454102,650.0562134,-0.199447617,3.549999714,7497,7500,0,1,1,0,2
329,329,544158,2410.586426,670.4229736,-0.16613768,3.449999809,7497,7500,0,1,1,0,2
330,330,545724,2275.830566,700.4478149,-0.13217926,3.299999952,7497,7500,0,1,1,0,2
331,331,547456,2178.548584,720.6575317,-0.128509507,3.125,7497,7500,0,1,1,0,2
332,332,549378,2016.375488,762.8517456,-0.175285324,2.949999809,7497,7500,0,1,1,0,2
333,333,551140,1902.155273,811.9394531,-0.135131836,2.849999666,7497,7500,0,1,1,0,2
334,334,553042,1782.514771,831.2558594,-0.149688721,2.724999905,7497,7500,0,1,1,0,2
335,335,554679,1627.078125,872.9671631,-0.162292466,2.549999952,7497,7500,0,1,1,0,2
336,336,556255,1578.750977,858.2142334,-0.168746933,2.499999762,7497,7500,0,1,1,0,2
337,337,557860,1405.736694,901.784729,-0.173988342,2.324999809,7497,7500,0,1,1,0,2
338,338,559485,1283.415894,910.151123,-0.144027695,2.224999666,7497,7500,0,1,1,0,2
339,339,561080,1223.547241,938.0270996,-0.178855881,2.199999809,7497,7500,0,1,1,0,2
340,340,562677,1062.388306,963.6936646,-0.105186455,2.074999809,7497,7500,0,1,1,0,2
341,341,564271,985.581543,980.2454224,-0.165935516,1.974999905,7497,7500,0,1,1,0,2
342,342,565868,838.9702759,1046.754028,-0.109542839,1.924999952,7497,7500,0,1,1,0,2
343,343,567456,731.8973389,1052.174683,-0.108280182,1.849999785,7497,7500,0,1,1,0,2
344,344,569061,503.1793518,1153.380371,-0.163837418,1.824999928,7497,7500,0,1,1,0,2
345,345,570648,421.6522217,1184.105591,-0.136611924,1.824999928,7497,7500,0,1,1,0,2
346,346,572227,334.5353699,1163.461182,-0.127479538,1.724999905,7497,7500,0,1,1,0,2
347,347,573834,222.4883728,1201.309204,-0.116233818,1.724999905,7497,7500,0,1,1,0,2
348,348,575467,175.4530029,1146.438721,-0.117614739,1.699999809,7497,7500,0,1,1,0,2
349,349,577069,0.325963736,1220.963623,-0.077850334,1.799999833,7497,7500,0,1,1,0,2
350,350,578630,-155.219101,1315.481079,-0.118209831,1.899999857,7497,7500,0,1,1,0,2
351,351,580204,-229.780304,1303.697998,-0.133150101,1.924999952,7497,7500,0,1,1,0,2
352,352,581803,-270.7068481,1272.357178,-0.119846337,1.899999857,7497,7500,0,1,1,0,2
353,353,583374,-424.7669983,1349.610596,-0.164152145,2.074999809,7497,7500,0,1,1,0,2
354,354,585102,-620.586731,1444.876465,-0.060707092,2.274999857,7497,7500,0,1,1,0,2
355,355,586686,-698.2988281,1455.246948,-0.126211151,2.374999762,7497,7500,0,1,1,0,2
356,356,588247,-843.4613037,1467.259399,-0.093214028,2.449999809,7497,7500,0,1,1,0,2
357,357,590012,-935.6004028,1459.327637,-0.126403809,2.524999857,7497,7500,0,1,1,0,2
358,358,591567,-1085.833496,1518.822021,-0.135605812,2.724999905,7497,7500,0,1,1,0,2
359,359,593160,-1124.695679,1491.634277,-0.07631731,2.699999809,7497,7500,0,1,1,0,2
360,360,594817,-1346.918335,1513.908325,-0.146651268,2.924999952,7501,7500,0,1,1,0,2
361,361,596604,-1305.702026,1456.273315,-0.112118237,2.874999762,7501,7500,0,1,1,0,2
362,362,598542,-1312.390381,1439.057495,-0.120954752,2.799999714,7501,7500,0,1,1,0,2
363,363,600519,-1228.859131,1424.29248,-0.138837337,2.724999905,7497,7500,0,1,1,0,2
364,364,602234,-1356.781738,1513.980957,-0.104716532,2.924999952,7497,7500,0,1,1,0,2
365,365,603845,-1490.704712,1499.880005,-0.11296469,3.125,7497,7500,0,1,1,0,2
366,366,605461,-1584.895996,1579.089111,-0.09850549,3.224999666,7497,7500,0,1,1,0,2
367,367,607104,-1621.59729,1580.489502,-0.101997845,3.274999857,7497,7500,0,1,1,0,2
368,368,608699,-1871.092285,1615.959229,-0.102485657,3.599999666,7497,7500,0,1,1,0,2
369,369,610323,-1995.368774,1671.385132,-0.07649231,3.749999762,7497,7500,0,1,1,0,2
370,370,612035,-2073.68457,1700.782227,-0.115064621,3.799999714,7497,7500,0,1,1,0,2
371,371,613636,-2304.358398,1781.669556,-0.10502433,4.149999619,7497,7500,0,1,1,0,2
372,372,615258,-2326.523926,1774.498413,-0.076133721,4.174999714,7497,7500,0,1,1,0,2
373,373,616847,-2617.863037,1877.70813,-0.124996178,4.599999428,7497,7500,0,1,1,0,2
374,374,618451,-2553.117188,1789.214966,-0.096221916,4.424999237,7497,7500,0,1,1,0,2
375,375,620052,-2704.557617,1780.570923,-0.137989044,4.574999809,7497,7500,0,1,1,0,2
376,376,621650,-2900.449463,1878.710205,-0.102928162,4.899999619,7497,7500,0,1,1,0,2
377,377,623294,-3000.484131,1904.183716,-0.098747253,4.974999428,7497,7500,0,1,1,0,2
378,378,624909,-2996.125977,1875.185059,-0.141487107,4.999999523,7497,7500,0,1,1,0,2
379,379,626503,-3160.013184,1912.284424,-0.102645867,5.199999332,7497,7500,0,1,1,0,2
380,380,628060,-3195.374023,1893.14917,-0.101249695,5.249999523,7497,7500,0,1,1,0,2
381,381,629667,-3393.439697,2018.186279,-0.093379974,5.574999332,7497,7500,0,1,1,0,2
382,382,631252,-3433.158691,1982.945923,-0.051147457,5.549999237,7497,7500,0,1,1,0,2
383,383,632838,-3581.291016,2019.296875,-0.117156982,5.699999332,7497,7500,0,1,1,0,2
384,384,634569,-3796.523682,2150.37085,-0.054611206,6.149999619,7497,7500,0,1,1,0,2
385,385,636155,-3853.217529,2114.756348,-0.080062866,6.099999428,7497,7500,0,1,1,0,2
386,386,637753,-3945.996338,2150.660645,-0.110565178,6.324999332,7497,7500,0,1,1,0,2
387,387,639485,-3973.546143,2130.583496,-0.066421501,6.324999332,7497,7500,0,1,1,0,2
388,388,641089,-4197.036621,2252.192139,-0.116325378,6.674999714,7497,7500,0,1,1,0,2
389,389,642651,-4173.700195,2223.591797,-0.064933769,6.699999332,7497,7500,0,1,1,0,2
390,390,644344,-4357.266113,2235.556152,-0.081459038,6.849999428,7497,7500,0,1,1,0,2
391,391,646071,-4356.553711,2226.1875,-0.083396912,6.849999428,7497,7500,0,1,1,0,2
392,392,647995,-4522.143066,2261.512451,-0.105400085,7.124999523,7497,7500,0,1,1,0,2
393,393,649962,-4630.580566,2286.901367,-0.132896408,7.149999142,7497,7500,0,1,1,0,2
394,394,651538,-4630.966797,2289.351807,-0.094558716,7.274999142,7497,7500,0,1,1,0,2
395,395,653156,-4759.191406,2285.537109,-0.104408264,7.399999142,7497,7500,0,1,1,0,2
396,396,654745,-4904.257324,2343.196289,-0.080772392,7.649999619,7497,7500,0,1,1,0,2
397,397,656353,-5068.301758,2435.033691,-0.103698723,7.824999809,7497,7500,0,1,1,0,2
398,398,657956,-5061.202637,2343.148193,-0.097152703,7.824999809,7497,7500,0,1,1,0,2
399,399,659546,-5192.904297,2475.1875,-0.108581536,8.099998474,7497,7500,0,1,1,0,2
400,400,661128,-5257.577637,2486.717041,-0.112640373,8.124999046,7497,7500,0,1,1,0,2
401,401,662727,-5295.751953,2496.520264,-0.039306641,8.249999046,7497,7500,0,1,1,0,2
402,402,664335,-5286.613281,2474.185547,-0.102493286,8.124999046,7497,7500,0,1,1,0,2
403,403,665938,-5539.898438,2564.272217,-0.054046627,8.474999428,7501,7500,0,1,1,0,0
404,404,667531,-5444.753418,2496.121826,-0.083084106,8.424999237,7501,7500,0,1,1,0,0
405,405,669090,-5354.29248,2434.997314,-0.097656243,8.149998665,7501,7500,0,1,1,0,0
406,406,670694,-5450.668945,2494.503906,-0.075332642,8.324998856,7501,7500,0,1,1,0,0
407,407,672323,-5353.749512,2462.257813,-0.106536865,8.299999237,7501,7500,0,1,1,0,0
408,408,673924,-5205.918945,2372.774414,-0.085754387,8.074998856,7501,7500,0,1,1,0,0
409,409,675503,-5079.770996,2346.480225,-0.0990448,7.774999619,7501,7500,0,1,1,0,0
410,410,677089,-5173.237793,2422.876465,-0.083053589,7.949999332,7501,7500,0,1,1,0,0
411,411,678688,-5198.663086,2428.12793,-0.105316155,7.949999332,7501,7500,0,1,1,0,0
412,412,680268,-5144.46875,2394.493652,-0.085113525,7.924999237,7501,7500,0,1,1,0,0
413,413,682037,-5030.356934,2343.582764,-0.07371521,7.749999046,7501,7500,0,1,1,0,0
414,414,683644,-4985.567383,2362.681641,-0.064407349,7.774999619,7501,7500,0,1,1,0,0
415,415,685270,-5025.576172,2392.489502,-0.117935173,7.799999237,7501,7500,0,1,1,0,0
416,416,686992,-4882.65918,2361.896973,-0.105773926,7.624999046,7501,7500,0,1,1,0,0
417,417,688636,-4809.23291,2304.889648,-0.105056763,7.449999332,7501,7500,0,1,1,0,0
418,418,690276,-4859.672363,2381.635986,-0.097106926,7.599999428,7501,7500,0,1,1,0,0
419,419,691866,-4785.05127,2388.843506,-0.10848999,7.499999523,7501,7500,0,1,1,0,0
420,420,693629,-4660.399902,2301.509277,-0.10916137,7.249999523,7501,7500,0,1,1,0,0
421,421,695478,-4601.859863,2348.001221,-0.067962639,7.099999428,7501,7500,0,1,1,0,0
422,422,697323,-4459.799316,2299.420898,-0.127655029,7.024999619,7501,7500,0,1,1,0,0
423,423,699285,-4393.303223,2262.031494,-0.139755234,6.949999809,7501,7500,0,1,1,0,0
424,424,700898,-4465.063477,2295.847168,-0.099555962,7.124999523,7501,7500,0,1,1,0,0
425,425,702518,-4210.992676,2187.723877,-0.110214233,6.624999523,7501,7500,0,1,1,0,0
426,426,704122,-4277.875488,2251.141602,-0.094779961,6.724999428,7501,7500,0,1,1,0,0
427,427,705731,-4206.055176,2237.113281,-0.101600647,6.674999714,7501,7500,0,1,1,0,0
428,428,707362,-4192.787109,2267.415771,-0.099739075,6.649999142,7501,7500,0,1,1,0,0
429,429,708956,-4058.453857,2160.053223,-0.080757141,6.499999523,7501,7500,0,1,1,0,0
430,430,710568,-4127.280273,2194.77417,-0.105796807,6.524999142,7501,7500,0,1,1,0,0
431,431,712204,-3987.840576,2118.100342,-0.09942627,6.274999619,7501,7500,0,1,1,0,0
432,432,713842,-3919.363525,2092.047607,-0.113319382,6.199999809,7501,7500,0,1,1,0,0
433,433,715442,-3986.718018,2121.54126,-0.12449646,6.374999523,7501,7500,0,1,1,0,0
434,434,717040,-3852.468994,2077.862061,-0.091789238,6.174999714,7501,7500,0,1,1,0,0
435,435,718628,-3875.322754,2079.238281,-0.120704643,6.199999809,7501,7500,0,1,1,0,0
436,436,720399,-3686.915771,2020.468018,-0.092811584,5.874999523,7501,7500,0,1,1,0,0
437,437,722008,-3716.831543,2005.473755,-0.119148254,5.874999523,7501,7500,0,1,1,0,0
438,438,723581,-3622.592041,1982.789063,-0.102706902,5.799999714,7501,7500,0,1,1,0,0
439,439,725173,-3612.933838,2012.560547,-0.091148376,5.824999809,7501,7500,0,1,1,0,0
440,440,726784,-3540.992676,1911.511719,-0.136360168,5.699999332,7501,7500,0,1,1,0,0
441,441,728395,-3464.523682,1961.408325,-0.134849548,5.574999332,7501,7500,0,1,1,0,0
442,442,729997,-3509.856689,1968.990112,-0.121170036,5.649999619,7501,7500,0,1,1,0,0
443,443,731719,-3396.481689,1936.091797,-0.06169128,5.524999619,7501,7500,0,1,1,0,0
444,444,733336,-3346.476563,1946.945313,-0.120506287,5.399999619,7501,7500,0,1,1,0,0
445,445,734934,-3373.241699,1980.567871,-0.086486816,5.574999332,7501,7500,0,1,1,0,0
446,446,736693,-3232.099854,1901.346558,-0.139373779,5.274999619,7501,7500,0,1,1,0,0
447,447,738295,-3267.376221,1926.08374,-0.143615708,5.299999714,7501,7500,0,1,1,0,0
448,448,739897,-3279.352051,1946.220825,-0.074790947,5.374999523,7501,7500,0,1,1,0,0
449,449,741480,-3075.564453,1865.345581,-0.116989128,5.049999714,7501,7500,0,1,1,0,0
450,450,743256,-3281.199463,1959.404419,-0.074874878,5.374999523,7501,7500,0,1,1,0,0
451,451,745162,-3103.983643,1851.944946,-0.12462616,5.124999523,7501,7500,0,1,1,0,0
452,452,747076,-3007.474365,1843.445679,-0.108066551,4.899999619,7501,7500,0,1,1,0,0
453,453,748857,-3107.666016,1840.101685,-0.102611534,5.099999905,7501,7500,0,1,1,0,0
454,454,750445,-3015.40625,1873.180908,-0.110260002,5.024999619,7501,7500,0,1,1,0,0
455,455,752055,-2910.288818,1837.735352,-0.117187493,4.849999428,7501,7500,0,1,1,0,0
456,456,753675,-2952.796875,1832.737183,-0.102210999,4.849999428,7501,7500,0,1,1,0,0
457,457,755285,-2798.881592,1777.262939,-0.110504143,4.699999809,7501,7500,0,1,1,0,0
458,458,756947,-2805.062988,1779.122314,-0.125171646,4.699999809,7501,7500,0,1,1,0,0
459,459,758520,-2775.967529,1761.483887,-0.114826195,4.674999714,7501,7500,0,1,1,0,0
460,460,760093,-2828.435791,1796.96582,-0.129734039,4.724999428,7501,7500,0,1,1,0,0
461,461,761696,-2718.06665,1742.203857,-0.133087158,4.599999428,7501,7500,0,1,1,0,0
462,462,763291,-2669.389648,1746.996704,-0.100185394,4.499999523,7501,7500,0,1,1,0,0
463,463,764815,-2595.130127,1723.780762,-0.087791443,4.449999332,7501,7500,0,1,1,0,0
464,464,766431,-2578.844238,1729.358398,-0.088266365,4.399999619,7501,7500,0,1,1,0,0
465,465,768028,-2523.260986,1665.988525,-0.110481262,4.224999905,7501,7500,0,1,1,0,0
466,466,769647,-2529.50293,1695.132324,-0.131105423,4.249999523,7501,7500,0,1,1,0,0
467,467,771239,-2525.108154,1705.961426,-0.114583969,4.299999714,7501,7500,0,1,1,0,0
468,468,772834,-2546.078613,1701.772217,-0.100547783,4.299999714,7501,7500,0,1,1,0,0
469,469,774405,-2443.146484,1718.251465,-0.088663101,4.274999619,7501,7500,0,1,1,0,0
470,470,776025,-2426.112061,1734.030518,-0.123689651,4.174999714,7501,7500,0,1,1,0,0
471,471,777589,-2359.591064,1724.070557,-0.120305054,4.124999523,7501,7500,0,1,1,0,0
472,472,779226,-2173.224365,1645.597778,-0.133797631,3.924999714,7501,7500,0,1,1,0,0
473,473,780973,-2338.93457,1725.579712,-0.115069382,4.124999523,7501,7500,0,1,1,0,0
474,474,782623,-2298.020264,1703.728149,-0.101120949,4.074999332,7501,7500,0,1,1,0,0
475,475,784230,-2255.258789,1708.255371,-0.102837317,3.999999762,7501,7500,0,1,1,0,0
476,476,786024,-2170.652832,1696.580933,-0.091812246,3.899999619,7501,7500,0,1,1,0,0
477,477,787656,-2149.899902,1684.411621,-0.154067501,3.949999809,7501,7500,0,1,1,0,0
478,478,789232,-2135.062744,1662.209839,-0.06517601,3.824999809,7501,7500,0,1,1,0,0
479,479,790993,-2132.370117,1660.097046,-0.119536869,3.774999619,7501,7500,0,1,1,0,0
480,480,792765,-1964.667969,1542.496582,-0.094398968,3.574999571,7501,7500,0,1,1,0,0
481,481,794698,-2007.489868,1630.796753,-0.108506203,3.724999666,7501,7500,0,1,1,0,0
482,482,796541,-2008.878296,1608.293091,-0.143206596,3.674999952,7501,7500,0,1,1,0,0
483,483,798199,-1949.552979,1583.749146,-0.088618271,3.549999714,7501,7500,0,1,1,0,0
484,484,799806,-1900.09082,1544.271362,-0.097206116,3.474999905,7501,7500,0,1,1,0,0
485,485,801432,-1890.312012,1536.544678,-0.075183868,3.449999809,7501,7500,0,1,1,0,0
486,486,803081,-1773.761963,1472.197144,-0.087244026,3.324999571,7501,7500,0,1,1,0,0
487,487,804701,-1766.433716,1503.912109,-0.113550179,3.349999666,7501,7500,0,1,1,0,0
488,488,806282,-1780.764038,1513.89624,-0.120834343,3.299999952,7501,7500,0,1,1,0,0
489,489,807870,-1768.969116,1522.492065,-0.128866196,3.324999571,7501,7500,0,1,1,0,0
490,490,809465,-1602.462036,1437.89856,-0.07642746,3.125,7501,7500,0,1,1,0,0
491,491,811076,-1660.386841,1491.71875,-0.116565704,3.249999762,7501,7500,0,1,1,0,0
492,492,812691,-1611.359375,1492.829468,-0.068553925,3.224999666,7501,7500,0,1,1,0,0
493,493,814267,-1518.870239,1431.681152,-0.110282898,2.999999762,7501,7500,0,1,1,0,0
494,494,815869,-1562.802856,1476.76062,-0.095096588,3.099999905,7501,7500,0,1,1,0,0
495,495,817519,-1567.040527,1469.90332,-0.110721588,3.049999714,7501,7500,0,1,1,0,0
496,496,819131,-1525.510376,1473.959839,-0.147403717,3.125,7501,7500,0,1,1,0,0
497,497,820758,-1363.458008,1386.311768,-0.10956192,2.949999809,7501,7500,0,1,1,0,0
498,498,822376,-1326.96228,1367.840454,-0.143325791,2.874999762,7501,7500,0,1,1,0,0
499,499,823999,-1349.803833,1415.720825,-0.091480248,2.749999762,7501,7500,0,1,1,0,0
500,500,825585,-1179.071167,1344.697021,-0.092273705,2.674999714,7501,7500,0,1,1,0,0
501,501,827297,-1383.824707,1479.501099,-0.13968277,2.949999809,7501,7500,0,1,1,0,0
502,502,829026,-1239.796997,1413.234009,-0.095600121,2.799999714,7501,7500,0,1,1,0,0
503,503,830644,-1253.897949,1461.681885,-0.124393463,2.749999762,7501,7500,0,1,1,0,0
504,504,832278,-1164.728882,1396.078491,-0.104740135,2.649999857,7501,7500,0,1,1,0,0
505,505,834066,-1110.510254,1365.353394,-0.129180893,2.574999809,7501,7500,0,1,1,0,0
506,506,835655,-1204.870728,1411.398926,-0.150688156,2.699999809,7501,7500,0,1,1,0,0
507,507,837228,-1162.483276,1383.836914,-0.122695915,2.649999857,7501,7500,0,1,1,0,0
508,508,838800,-999.5376587,1329.388794,-0.100723259,2.449999809,7501,7500,0,1,1,0,0
509,509,840566,-1079.036499,1369.421997,-0.174118027,2.474999905,7501,7500,0,1,1,0,0
510,510,842306,-1015.763367,1360.174316,-0.091270439,2.524999857,7501,7500,0,1,1,0,0
511,511,844270,-972.7240601,1355.17627,-0.105300903,2.474999905,7501,7500,0,1,1,0,0
512,512,846161,-894.468689,1314.877441,-0.116378777,2.324999809,7501,7500,0,1,1,0,0
513,513,847783,-850.8257446,1307.368164,-0.144424424,2.299999714,7501,7500,0,1,1,0,0
514,514,849359,-789.7376709,1261.310669,-0.132949829,2.174999714,7501,7500,0,1,1,0,0
515,515,850978,-793.1784668,1261.455566,-0.109085083,2.149999857,7501,7500,0,1,1,0,0
516,516,852587,-790.9329224,1275.001221,-0.108734131,2.224999666,7501,7500,0,1,1,0,0
517,517,854185,-714.3435059,1270.655029,-0.124542229,2.149999857,7501,7500,0,1,1,0,0
518,518,855812,-679.1997681,1255.153687,-0.122177109,2.049999714,7501,7500,0,1,1,0,0
519,519,857427,-576.8833618,1297.782349,-0.091651909,2.099999905,7501,7500,0,1,1,0,0
520,520,859040,-578.416626,1284.840454,-0.085662842,2.074999809,7501,7500,0,1,1,0,0
521,521,860640,-541.4016724,1325.609985,-0.120071404,2.099999905,7501,7500,0,1,1,0,0
522,522,862252,-531.4053955,1291.420044,-0.12663269,2.049999714,7501,7500,0,1,1,0,0
523,523,863821,-449.2384338,1278.224487,-0.103500359,1.974999905,7501,7500,0,1,1,0,0
524,524,865401,-450.62677,1250.5177,-0.143913269,1.974999905,7501,7500,0,1,1,0,0
525,525,867007,-387.1362915,1278.441772,-0.072303772,1.999999881,7501,7500,0,1,1,0,0
526,526,868616,-368.1337891,1247.559937,-0.130462646,1.874999881,7501,7500,0,1,1,0,0
527,527,870203,-336.0444641,1261.467651,-0.100090027,1.899999857,7501,7500,0,1,1,0,0
528,528,871766,-313.5650635,1249.406982,-0.111068726,1.924999952,7501,7500,0,1,1,0,0
529,529,873374,-294.3694153,1303.251343,-0.14440918,1.949999809,7501,7500,0,1,1,0,0
530,530,874982,-256.9318542,1261.274414,-0.139610291,1.924999952,7501,7500,0,1,1,0,0
531,531,876604,-209.8119965,1270.655029,-0.161949143,1.849999785,7501,7500,0,1,1,0,0
532,532,878328,-164.1650085,1229.499023,-0.134353623,1.774999857,7501,7500,0,1,1,0,0
533,533,879920,-67.30548096,1152.644043,-0.124992356,1.724999905,7501,7500,0,1,1,0,0
534,534,881491,-53.90474319,1154.346313,-0.095451355,1.749999762,7501,7500,0,1,1,0,0
535,535,883259,-64.95129395,1171.223877,-0.122726426,1.699999809,7501,7500,0,1,1,0,0
536,536,884890,14.18546009,1113.057495,-0.087875359,1.649999976,7501,7500,0,1,0,0,0
537,537,886458,104.8395996,1089.286255,-0.127914429,1.599999785,7501,7500,0,1,0,0,0
538,538,888048,89.6158905,1122.087891,-0.147354126,1.649999976,7501,7500,0,1,0,0,0
539,539,889807,89.32614136,1152.088623,-0.103683472,1.749999762,7501,7500,0,1,0,0,0
540,540,891765,139.8505096,1134.305542,-0.146469116,1.699999809,7501,7500,0,1,0,0,0
541,541,893535,146.2249298,1127.810425,-0.079833977,1.674999833,7501,7500,0,1,0,0,0
542,542,895460,196.4716339,1150.217407,-0.14396666,1.724999905,7501,7500,0,1,0,0,0
543,543,897074,331.0343018,1069.969971,-0.153839096,1.649999976,7501,7500,0,1,0,0,0
544,544,898681,315.786438,1086.883911,-0.142959595,1.674999833,7501,7500,0,1,0,0,0
545,545,900282,315.0258484,1098.304688,-0.141448975,1.699999809,7501,7500,0,1,0,0,0
546,546,901938,393.5227356,1047.249023,-0.105300903,1.674999833,7501,7500,0,1,0,0,0
547,547,903502,388.983429,1056.689941,-0.176162705,1.674999833,7501,7500,0,1,0,0,0
548,548,905137,375.9931641,1105.910522,-0.153152451,1.699999809,7501,7500,0,1,0,0,0
549,549,906754,555.3939819,1027.280762,-0.11697387,1.724999905,7501,7500,0,1,0,0,0
550,550,908374,537.7918701,1029.634888,-0.103790283,1.749999762,7501,7500,0,1,0,0,0
551,551,910008,592.4210205,1013.046936,-0.1300354,1.699999809,7501,7500,0,1,0,0,0
552,552,911616,602.3809814,979.2554321,-0.119140625,1.674999833,7501,7500,0,1,0,0,0
553,553,913200,596.1876831,982.8652954,-0.124877922,1.649999976,7501,7500,0,1,0,0,0
554,554,914811,696.8500977,1004.088989,-0.096984863,1.774999857,7501,7500,0,1,0,0,0
555,555,916410,746.6864014,989.2999268,-0.15115355,1.824999928,7501,7500,0,1,0,0,0
556,556,917965,783.9187012,930.1195068,-0.18226622,1.774999857,7501,7500,0,1,0,0,0
557,557,919581,807.9796143,933.1255493,-0.114425652,1.799999833,7501,7500,0,1,0,0,0
558,558,921180,825.8713379,934.4414673,-0.115097046,1.774999857,7501,7500,0,1,0,0,0
559,559,922788,832.1974487,936.083374,-0.139312744,1.799999833,7501,7500,0,1,0,0,0
560,560,924408,898.1146851,990.1933594,-0.127655029,1.924999952,7501,7500,0,1,0,0,0
561,561,925995,918.8917847,944.5825806,-0.135757446,1.899999857,7501,7500,0,1,0,0,0
562,562,927731,939.499939,900.6860962,-0.150283799,1.849999785,7501,7500,0,1,0,0,0
563,563,929335,999.46521,942.7716675,-0.110351563,1.974999905,7501,7500,0,1,0,0,0
564,564,930925,1075.716675,893.6114502,-0.125411972,1.974999905,7501,7500,0,1,0,0,0
565,565,932704,1076.223633,919.9180298,-0.145935044,1.999999881,7501,7500,0,1,0,0,0
566,566,934271,1083.865723,863.4900513,-0.077804565,1.949999809,7501,7500,0,1,0,0,0
567,567,935980,1151.074585,845.7672729,-0.171600342,1.974999905,7501,7500,0,1,0,0,0
568,568,937793,1170.934204,880.8264771,-0.129562378,2.074999809,7501,7500,0,1,0,0,0
569,569,939464,1293.605225,884.4845581,-0.102645867,2.174999714,7501,7500,0,1,0,0,0
570,570,941492,1308.080444,863.1036987,-0.124481194,2.199999809,7501,7500,0,1,0,0,0
571,571,943238,1340.55603,846.5037231,-0.194122314,2.224999666,7501,7500,0,1,0,0,0
572,572,945046,1439.202393,850.3428345,-0.135894775,2.349999905,7501,7500,0,1,0,0,0
573,573,946637,1350.105591,890.7139893,-0.163757324,2.299999714,7501,7500,0,1,0,0,0
574,574,948266,1500.121338,852.2744751,-0.113662705,2.374999762,7501,7500,0,1,0,0,0
575,575,949889,1539.901001,802.3898926,-0.141448975,2.399999619,7501,7500,0,1,0,0,0
576,576,951497,1486.865479,837.0507813,-0.124099717,2.349999905,7501,7500,0,1,0,0,0
577,577,953083,1580.694824,788.2286377,-0.123794548,2.449999809,7501,7500,0,1,0,0,0
578,578,954676,1681.103638,750.2236328,-0.174468994,2.549999952,7501,7500,0,1,0,0,0
579,579,956285,1593.093506,714.319397,-0.144622803,2.449999809,7501,7500,0,1,0,0,0
580,580,957892,1700.927124,731.1488037,-0.17672728,2.549999952,7501,7500,0,1,0,0,0
581,581,959496,1772.880615,701.5101929,-0.107589714,2.624999762,7501,7500,0,1,0,0,0
582,582,961111,1777.806152,724.4363403,-0.162155136,2.649999857,7501,7500,0,1,0,0,0
583,583,962724,1817.151245,692.3469849,-0.124710083,2.699999809,7501,7500,0,1,0,0,0
584,584,964368,1863.73999,682.8336792,-0.139411911,2.724999905,7501,7500,0,1,0,0,0
585,585,965944,1829.453491,691.3691406,-0.179809555,2.724999905,7501,7500,0,1,0,0,0
586,586,967588,1906.94812,634.4219971,-0.137481689,2.749999762,7501,7500,0,1,0,0,0
587,587,969187,1957.376099,638.4060059,-0.159423828,2.824999809,7501,7500,0,1,0,0,0
588,588,970828,1971.223633,639.6132813,-0.133331299,2.849999666,7501,7500,0,1,0,0,0
589,589,972421,1994.741211,640.482605,-0.137718186,2.899999857,7501,7500,0,1,0,0,0
590,590,974023,2081.000977,626.321228,-0.142669678,2.999999762,7501,7500,0,1,0,0,0
591,591,975771,2067.588135,672.9219971,-0.147003174,2.974999666,7501,7500,0,1,0,0,0
592,592,977356,2189.027588,600.4855957,-0.130462646,3.099999905,7501,7500,0,1,0,0,0
593,593,978934,2200.762451,540.1581421,-0.146690354,3.074999809,7501,7500,0,1,0,0,0
594,594,980726,2163.228271,655.0664063,-0.133529648,3.149999619,7501,7500,0,1,0,0,0
595,595,982342,2267.935059,620.2244873,-0.171142563,3.249999762,7501,7500,0,1,0,0,0
596,596,983945,2260.884521,614.9970093,-0.147903442,3.174999714,7501,7500,0,1,0,0,0
597,597,985538,2303.21167,625.6089478,-0.158332825,3.274999857,7501,7500,0,1,0,0,0
598,598,987282,2352.504395,584.8151855,-0.198020935,3.324999571,7501,7500,0,1,0,0,0
599,599,989071,2420.968994,529.7514648,-0.126541138,3.374999762,7501,7500,0,1,0,0,0
600,600,990974,2451.669678,552.3274536,-0.152732834,3.474999905,7501,7500,0,1,0,0,0
601,601,992874,2387.563721,634.9411621,-0.178276062,3.399999619,7501,7500,0,1,0,0,0
602,602,994465,2585.121826,477.7059021,-0.139854431,3.574999571,7501,7500,0,1,0,0,0
603,603,996061,2490.556396,551.7841797,-0.16494751,3.499999523,7501,7500,0,1,0,0,0
604,604,997703,2587.295166,505.0143738,-0.167671204,3.599999666,7501,7500,0,1,0,0,0
605,605,999291,2635.935791,511.9683228,-0.156425476,3.699999571,7501,7500,0,1,0,0,0
606,606,1000881,2682.29541,468.9894409,-0.176208496,3.699999571,7501,7500,0,1,0,0,0
607,607,1002469,2638.483398,485.1547852,-0.168991089,3.649999857,7501,7500,0,1,0,0,0
608,608,1004050,2766.128418,424.1995544,-0.149742126,3.799999714,7501,7500,0,1,0,0,0
609,609,1005645,2764.438232,446.4858398,-0.155311584,3.849999905,7501,7500,0,1,0,0,0
610,610,1007200,2819.562256,447.5361328,-0.149925217,3.874999523,7501,7500,0,1,0,0,0
611,611,1008775,2870.702393,435.1495361,-0.154647827,3.949999809,7501,7500,0,1,0,0,0
612,612,1010365,2836.886719,450.8320007,-0.153709397,3.899999619,7501,7500,0,1,0,0,0
613,613,1012006,2901.511963,430.9361267,-0.13155365,3.999999762,7501,7500,0,1,0,0,0
614,614,1013557,2969.7229,395.0197449,-0.180526733,4.124999523,7501,7500,0,1,0,0,0
615,615,1015089,3026.416504,387.522583,-0.123840325,4.174999714,7501,7500,0,1,0,0,0
616,616,1016702,3006.67749,427.1694641,-0.148838043,4.124999523,7501,7500,0,1,0,0,0
617,617,1018292,3101.689697,348.3103638,-0.154205322,4.249999523,7501,7500,0,1,0,0,0
618,618,1019917,3065.073242,403.7242126,-0.166061386,4.249999523,7501,7500,0,1,0,0,0
619,619,1021532,3132.306641,441.2221069,-0.187965378,4.299999714,7501,7500,0,1,0,0,0
620,620,1023153,3219.254395,409.9416809,-0.174667343,4.449999332,7501,7500,0,1,0,0,0
621,621,1024898,3262.185059,404.9556274,-0.165798187,4.474999428,7501,7500,0,1,0,0,0
622,622,1026534,3301.155518,419.6239929,-0.154415116,4.499999523,7501,7500,0,1,0,0,0
623,623,1028110,3354.432373,387.2207642,-0.147548661,4.649999619,7501,7500,0,1,0,0,0
624,624,1029872,3321.377686,401.9857178,-0.155139923,4.599999428,7500,7501,0,1,0,0,0
625,625,1031462,3370.368652,396.2270508,-0.131927475,4.649999619,7500,7501,0,1,0,0,0
626,626,1033050,3222.585938,466.0678101,-0.173851013,4.449999332,7500,7501,0,1,0,0,0
627,627,1034627,3339.4021,409.5794983,-0.178161606,4.574999809,7501,7500,0,1,0,0,0
628,628,1036366,3345.595459,410.4245605,-0.168800354,4.599999428,7500,7501,0,1,0,0,0
629,629,1038276,3323.598877,412.3803711,-0.188961014,4.574999809,7500,7501,0,1,0,0,0
630,630,1040029,3247.407959,411.4266357,-0.14343071,4.524999619,7501,7500,0,1,0,0,0
631,631,1041974,3355.43457,371.6228333,-0.141057953,4.599999428,7501,7500,0,1,0,0,0
632,632,1043628,3218.976807,441.9585571,-0.169836029,4.399999619,7501,7500,0,1,0,0,0
633,633,1045403,3329.490479,377.8403015,-0.141965866,4.574999809,7501,7500,0,1,0,0,0
634,634,1047047,3344.29126,365.2725525,-0.204063416,4.574999809,7500,7501,0,1,0,0,0
635,635,1048653,3278.966064,367.4094238,-0.125434875,4.524999619,7500,7501,0,1,0,0,0
636,636,1050264,3312.358887,389.7319336,-0.153814301,4.549999714,7501,7500,0,1,0,0,0
637,637,1051833,3365.998047,344.0004272,-0.152937874,4.599999428,7501,7500,0,1,0,0,0
638,638,1053434,3330.890869,381.1844482,-0.138648987,4.549999714,7500,7501,0,1,0,0,0
639,639,1055017,3320.423828,359.9605713,-0.165892601,4.574999809,7500,7501,0,1,0,0,0
640,640,1056620,3325.868408,371.1882019,-0.159341797,4.549999714,7501,7500,0,1,0,0,0
641,641,1058223,3267.291504,407.7806702,-0.123425946,4.499999523,7501,7500,0,1,0,0,0
