,frame.number,TotW,TotVar,Phv.neut.ang,A.phsA,vsd1_speed,vsd2_speed,scada_q2c_sync_activated,q2c_in_sync,gen1_p_negative,gen2_p_negative,label
0,1275,0.0,0.0,-134.7408752,0.0,7501,7500,-1,0,0,0,normal
1,3035,0.0,0.0,-137.050293,0.0,7501,7500,-1,0,0,0,normal
2,4644,0.0,0.0,-138.8471985,0.0,7501,7500,-1,0,0,0,normal
3,6292,0.0,0.0,-141.3297729,0.0,7501,7500,-1,0,0,0,normal
4,8050,0.0,0.0,-144.4960175,0.0,7501,7500,-1,0,0,0,normal
5,9678,0.0,0.0,-145.6823425,0.0,7501,7500,-1,0,0,0,normal
6,11291,0.0,0.0,-147.9100647,0.0,7501,7500,-1,0,0,0,normal
7,13351,0.0,0.0,-151.2703857,0.0,7501,7500,-1,0,0,0,normal
8,15435,0.0,0.0,-152.5531616,0.0,7501,7500,-1,0,0,0,normal
9,17075,0.0,0.0,-155.1802673,0.0,7501,7500,-1,0,0,0,normal
10,18710,0.0,0.0,-157.4183197,0.0,7501,7500,-1,0,0,0,normal
11,20328,0.0,0.0,-90.99401855,0.0,7501,7500,-1,0,0,0,normal
12,21912,0.0,0.0,-82.15480804,0.0,7501,7500,-1,0,0,0,normal
13,23537,0.0,0.0,-84.16751862,0.0,7501,7500,-1,0,0,0,normal
14,25143,0.0,0.0,-97.23573303,0.0,7501,7500,-1,0,0,0,normal
15,26750,0.0,0.0,-106.3185501,0.0,7501,7500,-1,0,0,0,normal
16,28353,0.0,0.0,-112.7088165,0.0,7501,7500,-1,0,0,0,normal
17,29956,0.0,0.0,-115.7868042,0.0,7501,7500,-1,0,0,0,normal
18,31518,0.0,0.0,-119.4270706,0.0,7501,7500,-1,0,0,0,normal
19,33147,0.0,0.0,-121.2335815,0.0,7501,7500,-1,0,0,0,normal
20,34753,0.0,0.0,-121.0783386,0.0,7501,7500,-1,0,0,0,normal
21,36336,0.0,0.0,-124.0600586,0.0,7501,7500,-1,0,0,0,normal
22,37943,0.0,0.0,-126.3949966,0.0,7501,7500,-1,0,0,0,normal
23,39586,0.0,0.0,-128.0835876,0.0,7501,7500,-1,0,0,0,normal
24,41207,0.0,0.0,-130.8839874,0.0,7501,7500,-1,0,0,0,normal
25,42846,0.0,0.0,-134.4829559,0.0,7501,7500,-1,0,0,0,normal
26,44440,0.0,0.0,-136.0856171,0.0,7501,7500,-1,0,0,0,normal
27,46067,0.0,0.0,-136.2279816,0.0,7502,7500,1,0,0,0,normal
28,47660,0.0,0.0,-140.2540894,0.0,7502,7500,1,0,0,0,normal
29,49290,0.0,0.0,-145.1685486,0.0,7502,7500,1,0,0,0,normal
30,51026,0.0,0.0,-150.1560822,0.0,7502,7500,1,0,0,0,normal
31,52606,0.0,0.0,-155.2594604,0.0,7502,7500,1,0,0,0,normal
32,54210,0.0,0.0,-162.4781189,0.0,7502,7500,1,0,0,0,normal
33,55961,0.0,0.0,-167.6950684,0.0,7502,7500,1,0,0,0,normal
34,57571,0.0,0.0,-171.3955383,0.0,7502,7500,1,0,0,0,normal
35,59193,0.0,0.0,-173.3909454,0.0,7502,7500,1,0,0,0,normal
36,60997,0.0,0.0,-179.4212799,0.0,7502,7500,1,0,0,0,normal
37,63043,0.0,0.0,176.5296478,0.0,7502,7500,1,0,0,0,normal
38,64993,0.0,0.0,171.9033356,0.0,7502,7500,1,0,0,0,normal
39,66597,0.0,0.0,167.7686768,0.0,7502,7500,1,0,0,0,normal
40,68230,0.0,0.0,160.9259186,0.0,7502,7500,1,0,0,0,normal
41,69834,0.0,0.0,155.9893494,0.0,7502,7500,1,0,0,0,normal
42,71432,0.0,0.0,151.2283478,0.0,7502,7500,1,0,0,0,normal
43,73001,0.0,0.0,148.2569275,0.0,7502,7500,1,0,0,0,normal
44,74627,0.0,0.0,144.4061279,0.0,7502,7500,1,0,0,0,normal
45,76243,0.0,0.0,133.303772,0.0,7502,7500,1,0,0,0,normal
46,77828,0.0,0.0,128.2691345,0.0,7502,7500,1,0,0,0,normal
47,79442,0.0,0.0,124.1590042,0.0,7502,7500,1,0,0,0,normal
48,81081,0.0,0.0,119.272522,0.0,7502,7500,1,0,0,0,normal
49,82677,0.0,0.0,113.8970566,0.0,7502,7500,1,0,0,0,normal
50,84284,0.0,0.0,109.5773849,0.0,7502,7500,1,0,0,0,normal
51,85900,0.0,0.0,107.7192459,0.0,7502,7500,1,0,0,0,normal
52,87530,0.0,0.0,103.7608337,0.0,7502,7500,1,0,0,0,normal
53,89102,0.0,0.0,98.83410645,0.0,7502,7500,1,0,0,0,normal
54,90847,0.0,0.0,91.70162964,0.0,7502,7500,1,0,0,0,normal
55,92454,0.0,0.0,86.69415283,0.0,7502,7500,1,0,0,0,normal
56,94113,0.0,0.0,82.67259216,0.0,7502,7500,1,0,0,0,normal
57,95716,0.0,0.0,78.97505188,0.0,7502,7500,1,0,0,0,normal
58,97327,0.0,0.0,72.24460602,0.0,7502,7500,1,0,0,0,normal
59,98941,0.0,0.0,67.71710205,0.0,7502,7500,1,0,0,0,normal
60,100675,0.0,0.0,63.19456482,0.0,7502,7500,1,0,0,0,normal
61,102267,0.0,0.0,59.03586197,0.0,7502,7500,1,0,0,0,normal
62,103842,0.0,0.0,53.65512848,0.0,7502,7500,1,0,0,0,normal
63,105615,0.0,0.0,48.22235107,0.0,7502,7500,1,0,0,0,normal
64,107236,0.0,0.0,42.61277008,0.0,7502,7500,1,0,0,0,normal
65,108808,0.0,0.0,39.03455353,0.0,7502,7500,1,0,0,0,normal
66,110902,0.0,0.0,36.37358475,0.0,7502,7500,1,0,0,0,normal
67,112975,0.0,0.0,32.93524551,0.0,7502,7500,1,0,0,0,normal
68,114579,0.0,0.0,27.92094421,0.0,7502,7500,1,0,0,0,normal
69,116198,0.0,0.0,22.59100151,0.0,7502,7500,1,0,0,0,normal
70,117800,0.0,0.0,15.8161993,0.0,7502,7500,1,0,0,0,normal
71,119400,0.0,0.0,11.03526974,0.0,7502,7500,1,0,0,0,normal
72,120982,0.0,0.0,6.274116516,0.0,7502,7500,1,0,0,0,normal
73,122677,-32.76538849,409.7846985,-0.169441208,0.649999917,7501,7500,0,1,0,0,normal
74,124306,56.88671112,773.1739502,-0.136619553,1.174999952,7501,7500,0,1,0,0,normal
75,125893,35.53004837,1022.596558,-0.102676384,1.524999857,7501,7500,0,1,0,0,normal
76,127529,83.21734619,1115.954956,-0.087379456,1.699999809,7501,7500,0,1,0,0,normal
77,129156,103.7892685,1168.024658,-0.098339081,1.774999857,7501,7500,0,1,0,0,normal
78,130778,183.5538177,1176.572144,-0.112911217,1.824999928,7501,7500,0,1,0,0,normal
79,132372,312.6596069,1099.391113,-0.13911438,1.749999762,7501,7500,0,1,0,0,normal
80,134007,308.3858337,1120.784058,-0.146030426,1.724999905,7501,7500,0,1,0,0,normal
81,135604,324.0683289,1122.582886,-0.11272049,1.749999762,7501,7500,0,1,0,0,normal
82,137215,302.2770386,1177.864014,-0.115638733,1.849999785,7501,7500,0,1,0,0,normal
83,138848,283.6488342,1231.611816,-0.098552696,1.874999881,7501,7500,0,1,0,0,normal
84,140421,362.6044922,1146.499023,-0.098819733,1.799999833,7501,7500,0,1,0,0,normal
85,142006,446.1598816,1149.251587,-0.097400665,1.849999785,7501,7500,0,1,0,0,normal
86,143628,412.9719238,1149.698242,-0.129276276,1.824999928,7501,7500,0,1,0,0,normal
87,145215,518.2340698,1085.664551,-0.108459473,1.799999833,7501,7500,0,1,0,0,normal
88,146833,535.5463867,1112.212402,-0.136703491,1.824999928,7501,7500,0,1,0,0,normal
89,148440,555.4663696,1061.217285,-0.098373413,1.749999762,7501,7500,0,1,0,0,normal
90,150167,615.3712769,1062.195068,-0.139522538,1.774999857,7501,7500,0,1,0,0,normal
91,151766,683.9806519,1041.055786,-0.125316605,1.849999785,7501,7500,0,1,0,0,normal
92,153370,677.4975586,1038.12207,-0.151802063,1.849999785,7501,7500,0,1,0,0,normal
93,155149,671.8475342,1061.338013,-0.082477562,1.874999881,7501,7500,0,1,0,0,normal
94,156762,750.9118042,1007.602173,-0.099010468,1.849999785,7501,7500,0,1,0,0,normal
95,158356,886.5731201,976.4304199,-0.14137648,1.899999857,7501,7500,0,1,0,0,normal
96,160441,995.1914673,901.6156616,-0.168485641,1.924999952,7501,7500,0,1,0,0,normal
97,162529,870.093811,997.4852905,-0.110349648,1.949999809,7501,7500,0,1,0,0,normal
98,164134,990.555542,957.6332397,-0.15035437,1.949999809,7501,7500,0,1,0,0,normal
99,165769,1030.733521,914.3162231,-0.107869141,1.949999809,7501,7500,0,1,0,0,normal
100,167367,1010.898071,929.8900146,-0.11588382,1.999999881,7501,7500,0,1,0,0,normal
101,168951,1113.359375,919.1815186,-0.14356041,2.074999809,7501,7500,0,1,0,0,normal
102,170574,1056.351807,966.2772217,-0.124193184,2.074999809,7501,7500,0,1,0,0,normal
103,172197,1097.411255,948.8563232,-0.167434677,2.074999809,7501,7500,0,1,0,0,normal
104,173809,1217.764282,885.9332886,-0.084807388,2.124999762,7501,7500,0,1,0,0,normal
105,175433,1203.784058,915.1251831,-0.150987983,2.099999905,7501,7500,0,1,0,0,normal
106,177038,1180.350952,886.6213379,-0.098860264,2.124999762,7501,7500,0,1,0,0,normal
107,178658,1226.879272,892.1386108,-0.136315808,2.149999857,7501,7500,0,1,0,0,normal
108,180308,1332.57605,866.0736084,-0.127544865,2.224999666,7501,7500,0,1,0,0,normal
109,181879,1266.586548,889.8689575,-0.157551274,2.149999857,7501,7500,0,1,0,0,normal
110,183516,1322.193481,914.7267456,-0.143176079,2.274999857,7501,7500,0,1,0,0,normal
111,185127,1452.711792,870.4318848,-0.148683548,2.374999762,7501,7500,0,1,0,0,normal
112,186731,1403.624023,880.0055542,-0.149122238,2.349999905,7501,7500,0,1,0,0,normal
113,188349,1444.490234,915.4268799,-0.092231743,2.374999762,7501,7500,0,1,0,0,normal
114,189948,1553.651855,856.487915,-0.130482659,2.449999809,7501,7500,0,1,0,0,normal
115,191542,1557.056396,850.2221069,-0.133123398,2.474999905,7501,7500,0,1,0,0,normal
116,193167,1649.545532,800.723877,-0.123058312,2.549999952,7501,7500,0,1,0,0,normal
117,194749,1615.657349,899.708252,-0.124828331,2.574999809,7501,7500,0,1,0,0,normal
118,196406,1649.014282,840.793335,-0.115339279,2.549999952,7501,7500,0,1,0,0,normal
119,198217,1704.162598,812.5430908,-0.173446655,2.649999857,7501,7500,0,1,0,0,normal
120,199874,1723.032349,885.4865112,-0.127384171,2.724999905,7501,7500,0,1,0,0,normal
121,201481,1710.404175,870.6974487,-0.122814178,2.674999714,7501,7500,0,1,0,0,normal
122,203198,1782.418091,773.5844116,-0.158973694,2.674999714,7501,7500,0,1,0,0,normal
123,204848,1880.001953,789.713562,-0.123218536,2.824999809,7501,7500,0,1,0,0,normal
124,206435,1801.710327,788.6029663,-0.119338989,2.724999905,7501,7500,0,1,0,0,normal
125,208244,1955.480469,730.4605713,-0.147651657,2.874999762,7501,7500,0,1,0,0,normal
126,210201,1939.291016,692.7211914,-0.137001038,2.899999857,7501,7500,0,1,0,0,normal
127,212302,1944.240845,747.567688,-0.166614532,2.874999762,7501,7500,0,1,0,0,normal
128,213957,2005.46167,718.5568848,-0.139850616,2.924999952,7501,7500,0,1,0,0,normal
129,215548,2014.105835,732.7423706,-0.137702927,2.949999809,7501,7500,0,1,0,0,normal
130,217169,2120.852783,687.1677856,-0.149299607,3.074999809,7501,7500,0,1,0,0,normal
131,218806,2194.617188,632.1644287,-0.132778168,3.149999619,7501,7500,0,1,0,0,normal
132,220428,2154.282227,677.2319946,-0.161575317,3.099999905,7501,7500,0,1,0,0,normal
133,222014,2129.56958,711.1080322,-0.121433258,3.125,7501,7500,0,1,0,0,normal
134,223622,2236.461426,641.0379028,-0.150375366,3.199999571,7501,7500,0,1,0,0,normal
135,225176,2287.577393,656.696167,-0.132915497,3.274999857,7501,7500,0,1,0,0,normal
136,226808,2312.604248,681.7833862,-0.151889786,3.349999666,7501,7500,0,1,0,0,normal
137,228443,2337.703125,701.2567139,-0.13734436,3.324999571,7501,7500,0,1,0,0,normal
138,230049,2407.749512,638.5991821,-0.149314865,3.424999714,7501,7500,0,1,0,0,normal
139,231627,2363.225098,638.9975586,-0.148963913,3.374999762,7501,7500,0,1,0,0,normal
140,233222,2431.061768,660.2214966,-0.119911179,3.449999809,7501,7500,0,1,0,0,normal
141,234771,2541.261719,593.4230957,-0.144172654,3.574999571,7501,7500,0,1,0,0,normal
142,236392,2506.854492,612.0029907,-0.155097961,3.549999714,7501,7500,0,1,0,0,normal
143,237999,2546.187256,625.2588501,-0.146850571,3.549999714,7501,7500,0,1,0,0,normal
144,239650,2623.549561,570.5452271,-0.174911499,3.649999857,7501,7500,0,1,0,0,normal
145,241228,2644.894043,580.9036255,-0.125587463,3.699999571,7501,7500,0,1,0,0,normal
146,242819,2699.679932,564.7141113,-0.143417343,3.774999619,7501,7500,0,1,0,0,normal
147,244507,2712.863281,553.269104,-0.172851563,3.774999619,7501,7500,0,1,0,0,normal
148,246113,2802.648438,553.2329102,-0.16236876,3.874999523,7501,7500,0,1,0,0,normal
149,247892,2807.646729,517.0388794,-0.135253906,3.899999619,7501,7500,0,1,0,0,normal
150,249495,2854.742188,530.9828491,-0.217956543,3.999999762,7501,7500,0,1,0,0,normal
151,251080,2951.686279,511.4009094,-0.146247864,4.124999523,7501,7500,0,1,0,0,normal
152,252842,2943.597656,509.6141663,-0.170082092,4.099999428,7501,7500,0,1,0,0,normal
153,254473,2952.362305,531.4536743,-0.150619492,4.074999332,7501,7500,0,1,0,0,normal
154,256077,2996.5,523.413269,-0.159980774,4.174999714,7501,7500,0,1,0,0,normal
155,258140,3085.11377,436.2360535,-0.18226622,4.299999714,7501,7500,0,1,0,0,normal
156,260185,3100.639404,423.5717468,-0.138313279,4.274999619,7501,7500,0,1,0,0,normal
157,261812,3075.105713,503.8433533,-0.178344727,4.274999619,7501,7500,0,1,0,0,normal
158,263406,3142.906006,449.8661804,-0.146133423,4.324999809,7501,7500,0,1,0,0,normal
159,265035,3190.907227,451.7495422,-0.180694565,4.424999237,7501,7500,0,1,0,0,normal
160,266638,3218.348633,444.3972473,-0.137931824,4.449999332,7501,7500,0,1,0,0,normal
161,268262,3310.861816,363.7151489,-0.15165709,4.574999809,7501,7500,0,1,0,0,normal
162,269882,3315.99292,458.9569702,-0.119720452,4.574999809,7501,7500,0,1,0,0,normal
163,271473,3327.135986,444.7111511,-0.129135117,4.599999428,7501,7500,0,1,0,0,normal
164,273066,3424.876953,403.9052734,-0.164421067,4.699999809,7501,7500,0,1,0,0,normal
165,274706,3386.388916,457.2184753,-0.113273613,4.699999809,7501,7500,0,1,0,0,normal
166,276308,3430.225342,472.5146179,-0.167564377,4.749999523,7501,7500,0,1,0,0,normal
167,277962,3545.845703,380.7377014,-0.117919907,4.899999619,7501,7500,0,1,0,0,normal
168,279573,3488.234619,445.3268433,-0.114471436,4.824999332,7501,7500,0,1,0,0,normal
169,281189,3587.593506,376.7537231,-0.158752441,4.949999809,7501,7500,0,1,0,0,normal
170,282758,3648.512451,349.6625061,-0.167495713,4.974999428,7501,7500,0,1,0,0,normal
171,284371,3661.973389,374.4357605,-0.156707764,5.074999809,7501,7500,0,1,0,0,normal
172,285987,3678.488525,362.4475403,-0.140975952,5.074999809,7501,7500,0,1,0,0,normal
173,287591,3766.185303,306.3817749,-0.141983032,5.199999332,7501,7500,0,1,0,0,normal
174,289206,3732.043457,339.6180115,-0.189498886,5.124999523,7501,7500,0,1,0,0,normal
175,290815,3844.585449,310.7883301,-0.137817383,5.299999714,7501,7500,0,1,0,0,normal
176,292401,3824.858643,305.7419128,-0.181243882,5.274999619,7501,7500,0,1,0,0,normal
177,294001,3877.580078,284.6025696,-0.178207397,5.324999809,7501,7500,0,1,0,0,normal
178,295590,3951.16333,255.8694611,-0.109329216,5.399999619,7501,7500,0,1,0,0,normal
179,297317,3886.05542,307.0820007,-0.212280259,5.349999428,7501,7500,0,1,0,0,normal
180,298900,3965.759521,293.1742249,-0.182739258,5.424999714,7501,7500,0,1,0,0,normal
181,300512,3993.575195,247.7445068,-0.156143188,5.499999523,7501,7500,0,1,0,0,normal
182,302292,4067.616943,237.3861237,-0.185760498,5.574999332,7501,7500,0,1,0,0,normal
183,303917,4134.162109,170.7567139,-0.113479607,5.699999332,7501,7500,0,1,0,0,normal
184,305535,4142.818359,238.4847412,-0.179916382,5.674999714,7500,7501,0,1,0,0,normal
185,307747,4097.931641,280.5823669,-0.164199814,5.574999332,7501,7500,0,1,0,0,normal
186,309854,4100.925293,287.898407,-0.152572632,5.624999523,7501,7500,0,1,0,0,normal
187,311504,4157.606934,254.3724518,-0.158462524,5.699999332,7500,7501,0,1,0,0,normal
188,313104,4100.526855,269.6806641,-0.1771698,5.674999714,7501,7500,0,1,0,0,normal
189,314718,4088.273193,290.6268616,-0.17868042,5.649999619,7501,7500,0,1,0,0,normal
190,316311,4112.34668,309.9190674,-0.148803711,5.599999428,7500,7501,0,1,0,0,normal
191,317972,4140.838379,285.2544861,-0.19960022,5.674999714,7500,7501,0,1,0,0,normal
192,319592,4076.671631,300.4057922,-0.144775376,5.599999428,7501,7500,0,1,0,0,normal
193,321162,4120.76123,285.0975342,-0.141677842,5.699999332,7500,7501,0,1,0,0,normal
194,322748,4138.52002,271.1535339,-0.149185166,5.724999428,7501,7500,0,1,0,0,normal
195,324357,4019.362061,318.5510864,-0.175552353,5.524999619,7501,7500,0,1,0,0,normal
196,325978,4105.320313,300.4299011,-0.158355713,5.624999523,7501,7500,0,1,0,0,normal
197,327616,4126.037109,289.2626343,-0.203445435,5.674999714,7501,7500,0,1,0,0,normal
198,329228,4152.935059,256.9680786,-0.151046753,5.699999332,7500,7501,0,1,0,0,normal
199,330832,4081.596924,293.4518738,-0.15586853,5.624999523,7500,7501,0,1,0,0,normal
200,332438,4041.720703,268.7993469,-0.152328476,5.574999332,7501,7500,0,1,0,0,normal
201,334064,4095.915039,204.3671875,-0.168609604,5.599999428,7501,7500,0,1,0,0,normal
202,335673,4153.176758,247.8773041,-0.187484726,5.699999332,7501,7500,0,1,0,0,normal
203,337278,4092.716064,277.8539124,-0.167922959,5.624999523,7500,7501,0,1,0,0,normal
204,338890,4087.042236,298.5224304,-0.162582397,5.624999523,7501,7500,0,1,0,0,normal
205,340469,4157.570801,255.7608337,-0.150634766,5.724999428,7500,7501,0,1,0,0,normal
206,342105,4027.10083,325.9637451,-0.185043335,5.524999619,7501,7500,0,1,0,0,normal
207,343738,4102.67627,276.9605408,-0.169494614,5.624999523,7501,7500,0,1,0,0,normal
208,345336,4116.197754,254.2034302,-0.17169188,5.674999714,7501,7500,0,1,0,0,normal
209,347074,4062.558594,314.4825745,-0.150848389,5.599999428,7500,7501,0,1,0,0,normal
210,348682,4118.87793,276.3327332,-0.164108276,5.674999714,7501,7500,0,1,0,0,normal
211,350390,4086.728027,273.3266296,-0.131500244,5.599999428,7500,7501,0,1,0,0,normal
212,352089,4017.310059,325.3238831,-0.144683838,5.499999523,7500,7501,0,1,0,0,normal
213,353712,4163.486328,279.5561829,-0.214233398,5.699999332,7501,7500,0,1,0,0,normal
214,355450,4089.97583,333.5333557,-0.177032471,5.624999523,7500,7501,0,1,0,0,normal
215,357378,4081.621094,368.7132874,-0.178207397,5.624999523,7501,7500,0,1,0,0,normal
216,359508,4090.941406,351.2802429,-0.159927368,5.649999619,7500,7501,0,1,0,0,normal
217,361144,4046.200195,364.4274597,-0.149276733,5.574999332,7501,7500,0,1,0,0,normal
218,362744,4086.945313,324.2615051,-0.173217759,5.624999523,7501,7500,0,1,0,0,normal
219,364346,4152.053711,288.3330383,-0.176376328,5.724999428,7500,7501,0,1,0,0,normal
220,365946,4154.226563,242.4687347,-0.177429199,5.724999428,7500,7501,0,1,0,0,normal
221,367541,4056.594482,336.4187317,-0.151855454,5.599999428,7500,7501,0,1,0,0,normal
222,369116,3992.053711,359.3690186,-0.160789475,5.499999523,7501,7500,0,1,0,0,normal
223,370722,4093.380127,291.5685425,-0.145225525,5.599999428,7501,7500,0,1,0,0,normal
224,372327,4101.372559,284.4577026,-0.166572571,5.649999619,7500,7501,0,1,0,0,normal
225,373935,4105.224121,289.1177673,-0.170631409,5.649999619,7500,7501,0,1,0,0,normal
226,375566,4046.417236,319.2754517,-0.174064636,5.599999428,7501,7500,0,1,0,0,normal
227,377128,4061.990967,313.5891724,-0.12783049,5.599999428,7501,7500,0,1,0,0,normal
228,378747,4112.865723,253.3583221,-0.163566589,5.649999619,7500,7501,0,1,0,0,normal
229,380297,4112.310059,221.9692383,-0.209892258,5.624999523,7500,7501,0,1,0,0,normal
230,381919,4067.472412,318.8891602,-0.14774321,5.624999523,7501,7500,0,1,0,0,normal
231,383565,4119.26416,275.4755554,-0.20526123,5.649999619,7500,7501,0,1,0,0,normal
232,385180,4132.242188,276.7673645,-0.097244255,5.699999332,7501,7500,0,1,0,0,normal
233,386760,4067.435791,313.299469,-0.159309387,5.574999332,7501,7500,0,1,0,0,normal
234,388399,4122.813477,294.5505066,-0.185371384,5.674999714,7500,7501,0,1,0,0,normal
235,389989,4142.407227,260.0587158,-0.180023178,5.674999714,7501,7500,0,1,0,0,normal
236,391611,4068.968994,300.7075806,-0.178291306,5.624999523,7500,7501,0,1,0,0,normal
237,393239,4135.344727,251.6560822,-0.165466309,5.699999332,7500,7501,0,1,0,0,normal
238,394998,4070.70752,315.3034973,-0.212699875,5.624999523,7501,7501,0,1,0,0,normal
239,396554,4114.084961,291.1339111,-0.13023375,5.649999619,7501,7500,0,1,0,0,normal
240,398133,4094.40625,293.6812439,-0.164154038,5.624999523,7500,7501,0,1,0,0,normal
241,399895,4104.55957,316.2814331,-0.155235291,5.649999619,7500,7501,0,1,0,0,normal
242,401535,4086.112305,268.135376,-0.178070068,5.624999523,7501,7500,0,1,0,0,normal
243,403105,4125.288574,287.9949951,-0.158592209,5.674999714,7500,7501,0,1,0,0,normal
244,405179,4105.489258,291.0735474,-0.141914368,5.649999619,7501,7500,0,1,0,0,normal
245,407182,4088.973877,294.2607727,-0.220397934,5.624999523,7500,7501,0,1,0,0,normal
246,408869,4083.927246,315.0137939,-0.152336106,5.624999523,7500,7501,0,1,0,0,normal
247,410471,4017.98584,346.3787537,-0.198562607,5.524999619,7501,7500,0,1,0,0,normal
248,412091,4052.51416,278.6144714,-0.16539,5.574999332,7501,7500,0,1,0,0,normal
249,413680,4121.328613,250.0866089,-0.153636932,5.649999619,7500,7501,0,1,0,0,normal
250,415287,4098.414551,262.3404541,-0.1872444,5.624999523,7500,7500,0,1,0,0,normal
251,417044,4061.870361,290.6630859,-0.156990036,5.549999237,7500,7500,0,1,0,0,normal
252,418656,4037.568115,315.3759766,-0.180267334,5.524999619,7500,7500,0,1,0,0,normal
253,420261,4035.069092,310.55896,-0.180938721,5.524999619,7500,7500,0,1,0,0,normal
254,421880,4060.167725,310.3536987,-0.174079895,5.574999332,7500,7500,0,1,1,0,reverse_power_attack
255,423514,4063.077637,289.5765381,-0.165866852,5.624999523,7500,7500,0,1,1,0,reverse_power_attack
256,425132,4068.993652,293.6933289,-0.158748612,5.599999428,7500,7500,0,1,1,0,reverse_power_attack
257,426742,4080.716064,304.66745,-0.17760849,5.624999523,7500,7500,0,1,1,0,reverse_power_attack
258,428326,4048.155762,333.5333557,-0.160392761,5.574999332,7500,7500,0,1,1,0,reverse_power_attack
259,429917,4032.666504,295.3955688,-0.161334991,5.574999332,7500,7500,0,1,1,0,reverse_power_attack
260,431535,4063.874512,291.8099976,-0.184288025,5.574999332,7500,7500,0,1,1,0,reverse_power_attack
261,433150,4056.353271,269.8738403,-0.131404877,5.599999428,7500,7500,0,1,1,0,reverse_power_attack
262,434739,3966.302734,376.8985901,-0.186080933,5.449999809,7500,7500,0,1,1,0,reverse_power_attack
263,436367,3984.073486,360.8418579,-0.136692047,5.474999905,7500,7500,0,1,1,0,reverse_power_attack
264,437926,4018.480713,309.6655579,-0.168010697,5.499999523,7500,7500,0,1,1,0,reverse_power_attack
265,439533,3961.256348,354.5519714,-0.16343306,5.424999714,7500,7500,0,1,1,0,reverse_power_attack
266,441134,4080.716064,286.0513,-0.157218918,5.574999332,7500,7500,0,1,1,0,reverse_power_attack
267,442731,3966.713135,349.9160461,-0.170562744,5.499999523,7500,7500,0,1,1,0,reverse_power_attack
268,444469,4063.259033,303.9551392,-0.188911438,5.574999332,7500,7500,0,1,1,0,reverse_power_attack
269,446043,4012.589355,339.1351013,-0.172164917,5.549999237,7500,7500,0,1,1,0,reverse_power_attack
270,447656,4003.414551,351.1112671,-0.131465912,5.524999619,7500,7500,0,1,1,0,reverse_power_attack
271,449435,4008.617676,366.8782349,-0.190349564,5.549999237,7500,7500,0,1,1,0,reverse_power_attack
272,451034,4001.385742,380.9188538,-0.110187523,5.524999619,7500,7500,0,1,1,0,reverse_power_attack
273,452622,4035.612305,349.9764099,-0.199806213,5.599999428,7500,7500,0,1,1,0,reverse_power_attack
274,454669,3973.401855,361.0471191,-0.163818359,5.474999905,7500,7500,0,1,1,0,reverse_power_attack
275,456779,4062.015137,319.6497192,-0.155834198,5.624999523,7500,7500,0,1,1,0,reverse_power_attack
276,458366,4017.189453,336.2014465,-0.197540283,5.549999237,7500,7500,0,1,1,0,reverse_power_attack
277,459985,3965.167725,393.2692566,-0.146293625,5.449999809,7500,7500,0,1,1,0,reverse_power_attack
278,461589,4023.503418,338.6401367,-0.190433502,5.524999619,7500,7500,0,1,1,0,reverse_power_attack
279,463162,3936.760742,360.0692139,-0.154159546,5.424999714,7500,7500,0,1,1,0,reverse_power_attack
280,464758,4003.908936,328.7163391,-0.159572586,5.499999523,7500,7500,0,1,1,0,reverse_power_attack
281,466370,3959.614502,366.4919128,-0.177467331,5.424999714,7500,7500,0,1,1,0,reverse_power_attack
282,468006,3999.019775,342.4309387,-0.163322434,5.499999523,7500,7500,0,1,1,0,reverse_power_attack
283,469604,3970.793457,370.3913879,-0.164466858,5.449999809,7500,7500,0,1,1,0,reverse_power_attack
284,471196,4005.708008,323.4284668,-0.167156219,5.474999905,7500,7500,0,1,1,0,reverse_power_attack
285,472849,4014.726563,326.0603333,-0.202419266,5.524999619,7500,7500,0,1,1,0,reverse_power_attack
286,474452,3974.753418,357.8840637,-0.130023956,5.474999905,7500,7500,0,1,1,0,reverse_power_attack
287,476060,4025.362305,300.2488403,-0.1592388,5.574999332,7500,7500,0,1,1,0,reverse_power_attack
288,477639,3986.922607,321.412323,-0.126934052,5.499999523,7500,7500,0,1,1,0,reverse_power_attack
289,479247,3983.494141,315.7260742,-0.188362122,5.474999905,7500,7500,0,1,1,0,reverse_power_attack
290,480839,4030.010254,323.1145935,-0.162401199,5.524999619,7500,7500,0,1,1,0,reverse_power_attack
291,482457,4001.796387,314.9775696,-0.142475113,5.499999523,7500,7500,0,1,1,0,reverse_power_attack
292,484055,4018.457031,311.8265686,-0.178728089,5.524999619,7500,7500,0,1,1,0,reverse_power_attack
293,485658,3969.308594,351.799408,-0.154712662,5.474999905,7500,7500,0,1,1,0,reverse_power_attack
294,487260,3978.013184,348.9743652,-0.160718918,5.474999905,7500,7500,0,1,1,0,reverse_power_attack
295,488878,3962.330566,338.2054749,-0.159072861,5.449999809,7500,7500,0,1,1,0,reverse_power_attack
296,490435,3999.490723,367.8681946,-0.158952698,5.499999523,7500,7500,0,1,1,0,reverse_power_attack
297,492047,4038.087158,323.0783691,-0.229194626,5.574999332,7500,7500,0,1,1,0,reverse_power_attack
298,493736,3932.342041,335.6098633,-0.199510574,5.424999714,7500,7500,0,1,1,0,reverse_power_attack
299,495326,4035.455078,315.8950806,-0.175590515,5.574999332,7500,7500,0,1,1,0,reverse_power_attack
300,496946,3976.141602,320.3257751,-0.151248932,5.499999523,7500,7500,0,1,1,0,reverse_power_attack
301,498644,3981.48999,345.2197876,-0.149349198,5.474999905,7500,7500,0,1,1,0,reverse_power_attack
302,500242,4007.989746,319.7463074,-0.208564743,5.549999237,7500,7500,0,1,1,0,reverse_power_attack
303,501826,3965.324951,318.2975464,-0.153793335,5.474999905,7500,7500,0,1,1,0,reverse_power_attack
304,503937,3926.885254,385.0959778,-0.174415588,5.399999619,7500,7500,0,1,1,0,reverse_power_attack
305,506082,4023.430664,321.6537781,-0.185584068,5.524999619,7500,7500,0,1,1,0,reverse_power_attack
306,507663,3914.703613,386.1342468,-0.200759873,5.374999523,7500,7500,0,1,1,0,reverse_power_attack
307,509257,3968.221924,333.1953125,-0.18496798,5.424999714,7500,7500,0,1,1,0,reverse_power_attack
308,510860,3968.499756,350.5076294,-0.123054504,5.449999809,7500,7500,0,1,1,0,reverse_power_attack
309,512458,3933.983887,358.2220764,-0.197426796,5.424999714,7500,7500,0,1,1,0,reverse_power_attack
310,514054,3950.378418,329.8873901,-0.128431305,5.474999905,7500,7500,0,1,1,0,reverse_power_attack
311,515668,3955.087158,341.7307129,-0.185859665,5.474999905,7500,7500,0,1,1,0,reverse_power_attack
312,517282,3880.151855,378.5163269,-0.161705017,5.374999523,7500,7500,0,1,1,0,reverse_power_attack
313,518899,3956.909912,324.0079651,-0.170734406,5.449999809,7500,7500,0,1,1,0,reverse_power_attack
314,520512,3897.93457,337.0948181,-0.157276154,5.399999619,7500,7500,0,1,1,0,reverse_power_attack
315,522140,3955.304199,293.8261414,-0.171639428,5.449999809,7500,7500,0,1,1,0,reverse_power_attack
316,523720,3903.560791,380.713562,-0.134233952,5.374999523,7500,7500,0,1,1,0,reverse_power_attack
317,525441,3889.242676,338.5918274,-0.156391144,5.374999523,7500,7500,0,1,1,0,reverse_power_attack
318,527025,3879.053223,372.5524292,-0.174221516,5.324999809,7500,7500,0,1,1,0,reverse_power_attack
319,528628,3891.451904,367.0231018,-0.123413071,5.349999428,7500,7500,0,1,1,0,reverse_power_attack
320,530243,3903.29541,335.4649963,-0.178363308,5.349999428,7500,7500,0,1,1,0,reverse_power_attack
321,531821,3854.315918,369.2927856,-0.131440386,5.274999619,7500,7500,0,1,1,0,reverse_power_attack
322,533437,3906.071777,330.9980469,-0.146584496,5.349999428,7500,7500,0,1,1,0,reverse_power_attack
323,535052,3892.043701,362.6165771,-0.172994718,5.349999428,7500,7500,0,1,1,0,reverse_power_attack
324,536679,3936.736328,313.5167542,-0.131725311,5.424999714,7500,7500,0,1,1,0,reverse_power_attack
325,538276,3916.068115,318.8891602,-0.213638857,5.374999523,7500,7500,0,1,1,0,reverse_power_attack
326,539865,3901.532471,351.1957397,-0.146965668,5.424999714,7500,7500,0,1,1,0,reverse_power_attack
327,541647,3958.85376,293.1742249,-0.128529772,5.474999905,7500,7500,0,1,1,0,reverse_power_attack
328,543233,3881.286377,361.2040405,-0.174481869,5.374999523,7500,7500,0,1,1,0,reverse_power_attack
329,544864,3978.315186,299.8866272,-0.188667044,5.499999523,7500,7500,0,1,1,0,reverse_power_attack
330,546641,3879.499756,445.3509827,-0.19858931,5.349999428,7500,7500,0,1,1,0,reverse_power_attack
331,548205,3959.083008,397.2894287,-0.145911217,5.474999905,7500,7500,0,1,1,0,reverse_power_attack
332,549797,3864.56543,416.4005737,-0.177067757,5.324999809,7500,7500,0,1,1,0,reverse_power_attack
333,551429,3842.484863,443.3348083,-0.142987728,5.274999619,7500,7500,0,1,1,0,reverse_power_attack
334,553835,3940.539551,367.1559143,-0.187454224,5.424999714,7500,7500,0,1,1,0,reverse_power_attack
335,555619,3871.652588,428.0266113,-0.170696244,5.349999428,7500,7500,0,1,1,0,reverse_power_attack
336,557228,3861.342285,376.5484924,-0.163263306,5.324999809,7500,7500,0,1,1,0,reverse_power_attack
337,558837,3903.476318,373.3250732,-0.203490242,5.374999523,7500,7500,0,1,1,0,reverse_power_attack
338,560467,3857.177246,409.7243347,-0.147051811,5.349999428,7500,7500,0,1,1,0,reverse_power_attack
339,562067,3903.644775,362.8701172,-0.157157898,5.374999523,7500,7500,0,1,1,0,reverse_power_attack
340,563665,3867.897461,389.8647156,-0.13644217,5.349999428,7500,7500,0,1,1,0,reverse_power_attack
341,565286,3916.188721,377.055542,-0.150015831,5.424999714,7500,7500,0,1,1,0,reverse_power_attack
342,566914,3883.869873,385.446106,-0.202265739,5.399999619,7500,7500,0,1,1,0,reverse_power_attack
343,568526,3921.452148,354.7089233,-0.162217125,5.424999714,7500,7500,0,1,1,0,reverse_power_attack
344,570189,3885.149658,383.6713867,-0.169191346,5.399999619,7500,7500,0,1,1,0,reverse_power_attack
345,571802,3873.004639,368.8823242,-0.15070723,5.349999428,7500,7500,0,1,1,0,reverse_power_attack
346,573398,3885.367188,348.4069519,-0.169816971,5.374999523,7500,7500,0,1,1,0,reverse_power_attack
347,575007,3881.201904,367.9406433,-0.183090195,5.349999428,7500,7500,0,1,1,0,reverse_power_attack
348,576576,3859.869629,402.7946167,-0.180788025,5.299999714,7500,7500,0,1,1,0,reverse_power_attack
349,578183,3904.888672,364.8016968,-0.168542847,5.374999523,7500,7500,0,1,1,0,reverse_power_attack
350,579785,3855.317871,378.3714905,-0.164997086,5.324999809,7500,7500,0,1,1,0,reverse_power_attack
351,581384,3872.328369,344.8454895,-0.121191025,5.299999714,7500,7500,0,1,1,0,reverse_power_attack
352,582990,3846.299805,372.600708,-0.16701889,5.299999714,7500,7500,0,1,1,0,reverse_power_attack
353,584583,3814.150146,413.3582764,-0.198856339,5.249999523,7500,7500,0,1,1,0,reverse_power_attack
354,586227,3875.575928,357.8598938,-0.153144822,5.324999809,7500,7500,0,1,1,0,reverse_power_attack
355,587893,3903.886475,341.5013428,-0.147773743,5.374999523,7500,7500,0,1,1,0,reverse_power_attack
356,589465,3859.604004,352.4271851,-0.168767929,5.324999809,7500,7500,0,1,1,0,reverse_power_attack
357,591212,3868.13916,360.552124,-0.109048836,5.324999809,7500,7500,0,1,1,0,reverse_power_attack
358,592808,3903.222656,323.0783691,-0.182395935,5.399999619,7500,7500,0,1,1,0,reverse_power_attack
359,594401,3858.843262,326.1931458,-0.161710724,5.299999714,7500,7500,0,1,1,0,reverse_power_attack
360,596149,3899.806152,357.0027466,-0.155948624,5.324999809,7500,7500,0,1,1,0,reverse_power_attack
361,597747,3850.440674,366.2625122,-0.17423819,5.324999809,7500,7500,0,1,1,0,reverse_power_attack
362,599351,3858.951904,371.562439,-0.152471542,5.299999714,7500,7500,0,1,1,0,reverse_power_attack
363,601422,3864.831055,357.7753906,-0.161453232,5.299999714,7500,7500,0,1,1,0,reverse_power_attack
364,603561,3856.996338,377.6108704,-0.166206345,5.299999714,7500,7500,0,1,1,0,reverse_power_attack
365,605145,3839.635742,361.5058594,-0.181266785,5.274999619,7500,7500,0,1,1,0,reverse_power_attack
366,606749,3860.219482,377.6350098,-0.126602173,5.299999714,7500,7500,0,1,1,0,reverse_power_attack
367,608351,3869.551758,351.3406372,-0.177623749,5.349999428,7500,7500,0,1,1,0,reverse_power_attack
368,609955,3858.746826,328.9698792,-0.161437988,5.299999714,7500,7500,0,1,1,0,reverse_power_attack
369,611573,3851.225586,352.9342346,-0.178009018,5.349999428,7500,7500,0,1,1,0,reverse_power_attack
370,613169,3847.313721,339.8232117,-0.24105452,5.299999714,7500,7500,0,1,1,0,reverse_power_attack
371,614752,3804.395264,400.1748352,-0.12525177,5.224999428,7500,7500,0,1,1,0,reverse_power_attack
372,616347,3851.949951,367.5664063,-0.180030823,5.299999714,7500,7500,0,1,1,0,reverse_power_attack
373,617932,3810.999023,387.3414917,-0.129974365,5.224999428,7500,7500,0,1,1,0,reverse_power_attack
374,619524,3811.119873,384.1784363,-0.179599762,5.224999428,7500,7500,0,1,1,0,reverse_power_attack
375,621119,3842.412109,369.3531494,-0.165679932,5.249999523,7500,7500,0,1,1,0,reverse_power_attack
376,622715,3758.760498,415.7607117,-0.15272139,5.174999237,7500,7500,0,1,1,0,reverse_power_attack
377,624323,3800.447754,385.1925659,-0.205619797,5.224999428,7500,7500,0,1,1,0,reverse_power_attack
378,625960,3816.443848,392.230957,-0.140972123,5.274999619,7500,7500,0,1,1,0,reverse_power_attack
379,627583,3755.766602,400.9595337,-0.165325165,5.199999332,7500,7500,0,1,1,0,reverse_power_attack
380,629197,3819.727783,349.6504517,-0.177230835,5.274999619,7500,7500,0,1,1,0,reverse_power_attack
381,630776,3748.075928,402.3721008,-0.157043457,5.224999428,7500,7500,0,1,1,0,reverse_power_attack
382,632342,3855.788574,352.3909607,-0.177543625,5.349999428,7500,7500,0,1,1,0,reverse_power_attack
383,634088,3774.672363,376.1983948,-0.135150909,5.249999523,7500,7500,0,1,1,0,reverse_power_attack
384,635718,3787.565918,371.3813477,-0.172420487,5.199999332,7500,7500,0,1,1,0,reverse_power_attack
385,637265,3859.833008,330.587616,-0.153205872,5.324999809,7500,7500,0,1,1,0,reverse_power_attack
386,638859,3765.146973,409.6156921,-0.173851013,5.174999237,7500,7500,0,1,1,0,reverse_power_attack
387,640615,3837.655762,366.3591003,-0.147361755,5.299999714,7500,7500,0,1,1,0,reverse_power_attack
388,642244,3788.688477,368.9064636,-0.181747437,5.199999332,7500,7500,0,1,1,0,reverse_power_attack
389,643956,3773.682373,401.6718445,-0.163288102,5.199999332,7500,7500,0,1,1,0,reverse_power_attack
390,645609,3866.171143,370.0895691,-0.114929192,5.299999714,7500,7500,0,1,1,0,reverse_power_attack
391,647212,3711.906006,439.2542725,-0.163845047,5.124999523,7500,7500,0,1,1,0,reverse_power_attack
392,648767,3804.371338,384.1905518,-0.144317627,5.249999523,7500,7500,0,1,1,0,reverse_power_attack
393,650918,3792.069092,436.755188,-0.202064499,5.249999523,7500,7500,0,1,1,0,reverse_power_attack
394,653013,3739.274902,427.6523743,-0.168689728,5.174999237,7500,7500,0,1,1,0,reverse_power_attack
395,654604,3809.852295,418.54953,-0.153949723,5.249999523,7500,7500,0,1,1,0,reverse_power_attack
396,656177,3805.156006,404.9194031,-0.15039444,5.249999523,7500,7500,0,1,1,0,reverse_power_attack
397,657766,3816.323242,411.7163696,-0.15587616,5.299999714,7500,7500,0,1,1,0,reverse_power_attack
398,659416,3816.769775,429.0889893,-0.141113281,5.249999523,7500,7500,0,1,1,0,reverse_power_attack
399,661004,3785.875732,444.9043274,-0.185913071,5.224999428,7500,7500,0,1,1,0,reverse_power_attack
400,662618,3799.336914,423.149231,-0.144988999,5.274999619,7500,7500,0,1,1,0,reverse_power_attack
401,664185,3748.1604,471.0900269,-0.178421006,5.174999237,7500,7500,0,1,1,0,reverse_power_attack
402,665774,3828.444092,404.5330811,-0.167346939,5.249999523,7500,7500,0,1,1,0,reverse_power_attack
403,667370,3783.304199,419.3463135,-0.12663269,5.224999428,7500,7500,0,1,1,0,reverse_power_attack
404,668983,3754.643799,451.9064636,-0.197067261,5.174999237,7500,7500,0,1,1,0,reverse_power_attack
405,670566,3777.521484,417.7285461,-0.158111557,5.174999237,7500,7500,0,1,1,0,reverse_power_attack
406,672150,3780.080811,379.6994629,-0.191291809,5.199999332,7500,7500,0,1,1,0,reverse_power_attack
407,673747,3777.243896,361.1195374,-0.138519272,5.199999332,7500,7500,0,1,1,0,reverse_power_attack
408,675371,3717.870117,411.2575989,-0.184432983,5.174999237,7500,7500,0,1,1,0,reverse_power_attack
409,676952,3797.731201,373.9770203,-0.155944824,5.199999332,7500,7500,0,1,1,0,reverse_power_attack
410,678566,3726.791992,386.1221619,-0.171821594,5.174999237,7500,7500,0,1,1,0,reverse_power_attack
411,680144,3789.533691,320.8569946,-0.16191864,5.274999619,7500,7500,0,1,1,0,reverse_power_attack
412,681723,3702.779297,389.490448,-0.170425415,5.099999905,7500,7500,0,1,1,0,reverse_power_attack
413,683360,3778.17334,346.3908081,-0.155815125,5.199999332,7500,7500,0,1,1,0,reverse_power_attack
414,684932,3744.104248,386.6895752,-0.114601135,5.174999237,7500,7500,0,1,1,0,reverse_power_attack
415,686541,3787.372803,374.4116516,-0.130264282,5.224999428,7500,7500,0,1,1,0,reverse_power_attack
416,688205,3765.509033,353.5257874,-0.162841782,5.149999619,7500,7500,0,1,1,0,reverse_power_attack
417,689898,3769.166992,383.4661865,-0.201889038,5.174999237,7500,7500,0,1,1,0,reverse_power_attack
418,691486,3756.249023,395.2732849,-0.127098083,5.149999619,7500,7500,0,1,1,0,reverse_power_attack
419,693249,3796.45166,362.8097229,-0.162666321,5.224999428,7500,7500,0,1,1,0,reverse_power_attack
420,694877,3705.688721,426.4571228,-0.121421799,5.124999523,7500,7500,0,1,1,0,reverse_power_attack
421,696423,3789.002441,349.5900879,-0.151832581,5.199999332,7500,7500,0,1,1,0,reverse_power_attack
422,698017,3769.420898,363.051178,-0.158256531,5.199999332,7500,7500,0,1,1,0,reverse_power_attack
423,700305,3810.878418,342.8655701,-0.159767151,5.249999523,7500,7500,0,1,1,0,reverse_power_attack
424,702221,3694.267578,421.5314636,-0.199707016,5.124999523,7500,7500,0,1,1,0,reverse_power_attack
425,703820,3795.485596,371.3934326,-0.142204285,5.224999428,7500,7500,0,1,1,0,reverse_power_attack
426,705389,3737.174316,399.8729858,-0.149391159,5.174999237,7500,7500,0,1,1,0,reverse_power_attack
427,706996,3776.652344,381.8725586,-0.137619019,5.199999332,7500,7500,0,1,1,0,reverse_power_attack
428,708599,3739.19043,378.637085,-0.141891465,5.149999619,7500,7500,0,1,1,0,reverse_power_attack
429,710215,3764.168945,353.88797,-0.155059814,5.149999619,7500,7500,0,1,1,0,reverse_power_attack
430,711794,3704.3125,410.4487,-0.117813103,5.074999809,7500,7500,0,1,1,0,reverse_power_attack
431,713350,3732.731689,376.5726318,-0.173683152,5.124999523,7500,7500,0,1,1,0,reverse_power_attack
432,714952,3720.94873,373.5665283,-0.144340515,5.099999905,7500,7500,0,1,1,0,reverse_power_attack
433,716525,3760.016113,332.0121765,-0.170722961,5.124999523,7500,7500,0,1,1,0,reverse_power_attack
434,718105,3723.930664,408.4205017,-0.146202087,5.149999619,7500,7500,0,1,1,0,reverse_power_attack
435,719697,3735.628906,361.5541687,-0.169380173,5.149999619,7500,7500,0,1,1,0,reverse_power_attack
436,721272,3688.847168,407.2011414,-0.169654831,5.099999905,7500,7500,0,1,1,0,reverse_power_attack
437,722881,3730.570557,369.9085083,-0.152900696,5.149999619,7500,7500,0,1,1,0,reverse_power_attack
438,724516,3694.400635,399.836792,-0.158637986,5.124999523,7500,7500,0,1,1,0,reverse_power_attack
439,726113,3733.274658,377.2245789,-0.18473053,5.099999905,7500,7500,0,1,1,0,reverse_power_attack
440,727697,3765.448486,367.2645569,-0.198654175,5.174999237,7500,7500,0,1,1,0,reverse_power_attack
441,729273,3637.526123,420.5294495,-0.160034165,5.024999619,7500,7500,0,1,1,0,reverse_power_attack
442,730890,3696.827393,387.6192017,-0.16097258,5.099999905,7500,7500,0,1,1,0,reverse_power_attack
443,732485,3716.034912,372.8421631,-0.13609314,5.099999905,7500,7500,0,1,1,0,reverse_power_attack
444,734076,3669.072266,422.2679443,-0.153526306,5.049999714,7500,7500,0,1,1,0,reverse_power_attack
445,735704,3712.461426,396.9996643,-0.139862061,5.074999809,7500,7500,0,1,1,0,reverse_power_attack
446,737387,3657.458008,432.553894,-0.137802124,5.024999619,7500,7500,0,1,1,0,reverse_power_attack
447,739017,3681.664063,400.5491028,-0.155662537,5.099999905,7500,7500,0,1,1,0,reverse_power_attack
448,740649,3696.416748,389.3697205,-0.187255859,5.074999809,7500,7500,0,1,1,0,reverse_power_attack
449,742530,3642.42749,428.7872009,-0.168022156,5.024999619,7500,7500,0,1,1,0,reverse_power_attack
450,744156,3722.071533,368.8340149,-0.152770996,5.124999523,7500,7500,0,1,1,0,reverse_power_attack
451,745744,3686.457031,413.7687073,-0.143829331,5.074999809,7500,7500,0,1,1,0,reverse_power_attack
452,747457,3721.757324,388.0296631,-0.125541672,5.149999619,7500,7500,0,1,1,0,reverse_power_attack
453,749898,3760.655762,355.9282837,-0.192489624,5.199999332,7500,7500,0,1,1,0,reverse_power_attack
454,751588,3667.587158,417.5233459,-0.149757385,5.049999714,7500,7500,0,1,1,0,reverse_power_attack
455,753186,3767.380371,342.0083923,-0.111480713,5.174999237,7500,7500,0,1,1,0,reverse_power_attack
456,754752,3673.055908,424.1150513,-0.162147507,5.074999809,7500,7500,0,1,1,0,reverse_power_attack
457,756362,3649.478027,463.9671326,-0.174102768,5.024999619,7500,7500,0,1,1,0,reverse_power_attack
458,757955,3689.233643,449.6368103,-0.183929428,5.099999905,7500,7500,0,1,1,0,reverse_power_attack
459,759538,3665.293457,492.7485046,-0.172454819,5.074999809,7500,7500,0,1,1,0,reverse_power_attack
460,761145,3674.529053,470.3415527,-0.166847229,5.049999714,7500,7500,0,1,1,0,reverse_power_attack
461,762753,3615.867432,473.9995728,-0.176635727,5.024999619,7500,7500,0,1,1,0,reverse_power_attack
462,764374,3733.202637,412.0543823,-0.179969788,5.124999523,7500,7500,0,1,1,0,reverse_power_attack
463,766026,3644.950684,454.6107483,-0.181556702,5.049999714,7500,7500,0,1,1,0,reverse_power_attack
464,767620,3681.096436,412.9356689,-0.18391417,5.099999905,7500,7500,0,1,1,0,reverse_power_attack
465,769221,3660.524414,451.6408691,-0.148391724,5.074999809,7500,7500,0,1,1,0,reverse_power_attack
466,770797,3692.119141,431.7208862,-0.157348618,5.099999905,7500,7500,0,1,1,0,reverse_power_attack
467,772390,3650.286865,422.1834106,-0.163070679,5.049999714,7500,7500,0,1,1,0,reverse_power_attack
468,773967,3645.735352,433.4352112,-0.144302353,5.049999714,7500,7500,0,1,1,0,reverse_power_attack
469,775537,3653.461914,331.2757568,-0.162055969,4.999999523,7500,7500,0,1,1,0,reverse_power_attack
470,777101,3648.850342,422.1955261,-0.112487786,5.049999714,7500,7500,0,1,1,0,reverse_power_attack
471,778693,3617.919922,478.7803955,-0.189147934,4.974999428,7500,7500,0,1,1,0,reverse_power_attack
472,780315,3647.317139,442.646698,-0.149330139,4.999999523,7500,7500,0,1,1,0,reverse_power_attack
473,781918,3612.185303,420.1914063,-0.171684265,4.999999523,7500,7500,0,1,1,0,reverse_power_attack
474,783524,3655.116211,408.1066284,-0.15952301,4.999999523,7500,7500,0,1,1,0,reverse_power_attack
475,785113,3610.748779,428.7388916,-0.142364487,4.974999428,7500,7500,0,1,1,0,reverse_power_attack
476,786867,3688.364258,387.2449036,-0.185005188,5.124999523,7500,7500,0,1,1,0,reverse_power_attack
477,788488,3584.707764,435.8859558,-0.150627121,4.974999428,7500,7500,0,1,1,0,reverse_power_attack
478,790082,3644.926758,407.02005,-0.151947021,5.024999619,7500,7500,0,1,1,0,reverse_power_attack
479,791856,3643.658936,384.914856,-0.172393784,5.074999809,7500,7500,0,1,1,0,reverse_power_attack
480,793425,3670.532715,394.343689,-0.180747986,5.074999809,7500,7500,0,1,1,0,reverse_power_attack
481,795041,3642.149658,435.318573,-0.167007446,5.049999714,7500,7500,0,1,1,0,reverse_power_attack
482,797162,3654.258545,394.9111023,-0.169357285,5.049999714,7500,7500,0,1,1,0,reverse_power_attack
483,799255,3635.775391,399.9816589,-0.1353302,4.999999523,7500,7500,0,1,1,0,reverse_power_attack
484,800875,3675.83252,382.7176819,-0.163024902,5.024999619,7500,7500,0,1,1,0,reverse_power_attack
485,802475,3598.567383,420.3604126,-0.170562744,4.974999428,7500,7500,0,1,1,0,reverse_power_attack
486,804075,3662.613037,394.730011,-0.163314804,4.999999523,7500,7500,0,1,1,0,reverse_power_attack
487,805705,3630.789551,423.2095947,-0.198348984,4.999999523,7500,7500,0,1,1,0,reverse_power_attack
488,807344,3626.889893,411.7525635,-0.206619263,5.024999619,7500,7500,0,1,1,0,reverse_power_attack
489,808938,3614.29834,404.3399048,-0.151626587,4.974999428,7500,7500,0,1,1,0,reverse_power_attack
490,810508,3670.858887,382.8866577,-0.136596665,5.049999714,7500,7500,0,1,1,0,reverse_power_attack
491,812102,3620.80542,409.519104,-0.147827148,4.999999523,7500,7500,0,1,1,0,reverse_power_attack
492,813718,3665.788086,390.7822266,-0.154434204,5.074999809,7500,7500,0,1,1,0,reverse_power_attack
493,815350,3645.880127,422.4490051,-0.144912705,5.024999619,7500,7500,0,1,1,0,reverse_power_attack
494,816945,3615.638184,402.3599854,-0.160415649,4.999999523,7500,7500,0,1,1,0,reverse_power_attack
495,818517,3589.319824,388.7298584,-0.146316528,4.949999809,7500,7500,0,1,1,0,reverse_power_attack
496,820099,3679.152832,418.7306213,-0.176773056,5.049999714,7500,7500,0,1,1,0,reverse_power_attack
497,821707,3595.476563,415.9176636,-0.153457642,4.974999428,7500,7500,0,1,1,0,reverse_power_attack
498,823330,3612.644043,445.145752,-0.141586304,4.949999809,7500,7500,0,1,1,0,reverse_power_attack
499,824915,3646.797852,381.7156372,-0.139022812,4.999999523,7500,7500,0,1,1,0,reverse_power_attack
500,826525,3570.015381,418.4650269,-0.176635727,4.899999619,7500,7500,0,1,1,0,reverse_power_attack
501,828171,3600.450684,411.2817383,-0.156036362,4.924999714,7500,7500,0,1,1,0,reverse_power_attack
502,829805,3672.283447,363.2926331,-0.14094542,5.049999714,7500,7500,0,1,1,0,reverse_power_attack
503,831413,3520.227295,466.9611511,-0.188018799,4.874999523,7500,7500,0,1,1,0,reverse_power_attack
504,833037,3612.366699,408.2153015,-0.164047241,4.999999523,7500,7500,0,1,1,0,reverse_power_attack
505,834635,3587.89502,418.54953,-0.213180527,4.949999809,7500,7500,0,1,1,0,reverse_power_attack
506,836406,3567.866455,434.3406372,-0.15272522,4.949999809,7500,7500,0,1,1,0,reverse_power_attack
507,837993,3616.495605,435.8859558,-0.153839096,5.024999619,7500,7500,0,1,1,0,reverse_power_attack
508,839756,3491.832275,449.5402222,-0.142730698,4.874999523,7500,7500,0,1,1,0,reverse_power_attack
509,841373,3643.501953,402.6738586,-0.148986816,5.024999619,7500,7500,0,1,1,0,reverse_power_attack
510,842966,3563.845947,422.2558289,-0.184326157,4.924999714,7500,7500,0,1,1,0,reverse_power_attack
511,844642,3583.971191,421.9902344,-0.149139404,4.924999714,7500,7500,0,1,1,0,reverse_power_attack
512,846739,3601.054443,413.6721497,-0.133132935,4.949999809,7500,7500,0,1,1,0,reverse_power_attack
513,848788,3531.237549,466.5144958,-0.178619385,4.874999523,7500,7500,0,1,1,0,reverse_power_attack
514,850494,3575.037354,437.7572632,-0.111663811,4.949999809,7500,7500,0,1,1,0,reverse_power_attack
515,852080,3610.567627,427.9058533,-0.179214478,4.949999809,7500,7500,0,1,1,0,reverse_power_attack
516,853685,3550.686768,498.941803,-0.152130112,4.899999619,7500,7500,0,1,1,0,reverse_power_attack
517,855304,3624.040771,427.0487061,-0.148864746,4.974999428,7500,7500,0,1,1,0,reverse_power_attack
518,856951,3564.521973,464.8846741,-0.198120117,4.924999714,7500,7500,0,1,1,0,reverse_power_attack
519,858583,3621.589844,454.6711121,-0.144561753,4.999999523,7500,7500,0,1,1,0,reverse_power_attack
520,860168,3620.406982,414.7225037,-0.173690781,5.049999714,7500,7500,0,1,1,0,reverse_power_attack
521,861731,3561.999023,481.3638916,-0.117050163,4.924999714,7500,7500,0,1,1,0,reverse_power_attack
522,863317,3628.411133,442.6949768,-0.157897934,5.024999619,7500,7500,0,1,1,0,reverse_power_attack
523,864931,3589.863037,470.1725159,-0.152877793,4.974999428,7500,7500,0,1,1,0,reverse_power_attack
524,866553,3526.155273,483.875061,-0.139953613,4.874999523,7500,7500,0,1,1,0,reverse_power_attack
525,868130,3592.748047,464.9570923,-0.170578003,4.974999428,7500,7500,0,1,1,0,reverse_power_attack
526,869738,3532.022217,487.4123535,-0.164688095,4.874999523,7500,7500,0,1,1,0,reverse_power_attack
527,871333,3555.660645,463.4963074,-0.143768311,4.849999428,7500,7500,0,1,1,0,reverse_power_attack
528,872914,3577.283203,450.9889526,-0.17817688,4.949999809,7500,7500,0,1,1,0,reverse_power_attack
529,874517,3508.830811,463.4359436,-0.137573227,4.824999332,7500,7500,0,1,1,0,reverse_power_attack
530,876135,3517.885254,435.7531433,-0.153076157,4.849999428,7500,7500,0,1,1,0,reverse_power_attack
531,877700,3572.019531,439.507782,-0.151123047,4.899999619,7500,7500,0,1,1,0,reverse_power_attack
532,879313,3516.774658,444.0350342,-0.149124146,4.874999523,7500,7500,0,1,1,0,reverse_power_attack
533,880911,3539.615967,451.3873596,-0.148132309,4.899999619,7500,7500,0,1,1,0,reverse_power_attack
534,882488,3628.507568,400.1385803,-0.175460815,4.999999523,7500,7500,0,1,1,0,reverse_power_attack
535,884208,3533.302002,438.0831604,-0.167800903,4.899999619,7500,7500,0,1,1,0,reverse_power_attack
536,885879,3550.396973,432.7712097,-0.148971543,4.899999619,7500,7500,0,1,1,0,reverse_power_attack
537,887459,3563.399414,414.4568787,-0.133087158,4.924999714,7500,7500,0,1,1,0,reverse_power_attack
538,889222,3532.553467,442.3086853,-0.16494751,4.874999523,7500,7500,0,1,1,0,reverse_power_attack
539,890803,3555.117676,430.8154297,-0.134231567,4.874999523,7500,7500,0,1,1,0,reverse_power_attack
540,892405,3547.825684,435.0650024,-0.168457016,4.849999428,7500,7500,0,1,1,0,reverse_power_attack
541,894021,3525.949951,431.4431763,-0.14106749,4.874999523,7500,7500,0,1,1,0,reverse_power_attack
542,896315,3510.098389,457.0252991,-0.192504868,4.824999332,7500,7500,0,1,1,0,reverse_power_attack
543,898173,3581.713623,414.770752,-0.149536133,4.924999714,7500,7500,0,1,1,0,reverse_power_attack
544,899762,3506.307617,440.3770447,-0.143096924,4.849999428,7500,7500,0,1,1,0,reverse_power_attack
545,901364,3599.834961,406.911377,-0.192199707,4.949999809,7500,7500,0,1,1,0,reverse_power_attack
546,902982,3526.61377,429.7529907,-0.132949829,4.874999523,7500,7500,0,1,1,0,reverse_power_attack
547,904589,3584.647461,408.2514648,-0.155181885,4.974999428,7500,7500,0,1,1,0,reverse_power_attack
548,906181,3559.536133,433.2420349,-0.148635849,4.949999809,7500,7500,0,1,1,0,reverse_power_attack
549,907777,3572.381348,432.831543,-0.141647339,4.924999714,7500,7500,0,1,1,0,reverse_power_attack
550,909406,3493.147949,449.6488953,-0.18019104,4.849999428,7500,7500,0,1,1,0,reverse_power_attack
551,911028,3516.026123,460.4660645,-0.145263657,4.824999332,7500,7500,0,1,1,0,reverse_power_attack
552,912627,3492.423828,459.8986206,-0.184478745,4.824999332,7500,7500,0,1,1,0,reverse_power_attack
553,914222,3500.041748,440.6184692,-0.145339951,4.849999428,7500,7500,0,1,1,0,reverse_power_attack
554,915819,3487.679443,486.9777527,-0.146163926,4.774999619,7500,7500,0,1,1,0,reverse_power_attack
555,917442,3457.086914,421.6039429,-0.146652222,4.799999237,7500,7500,0,1,1,0,reverse_power_attack
556,919080,3492.520508,463.0254517,-0.143783569,4.824999332,7500,7500,0,1,1,0,reverse_power_attack
557,920669,3523.112549,451.2545471,-0.168151855,4.849999428,7500,7500,0,1,1,0,reverse_power_attack
558,922258,3490.045654,446.6186523,-0.199172959,4.824999332,7500,7500,0,1,1,0,reverse_power_attack
559,923865,3465.344727,469.1342773,-0.147705078,4.799999237,7500,7500,0,1,1,0,reverse_power_attack
560,925424,3540.195801,404.3399048,-0.161453232,4.949999809,7500,7500,0,1,1,0,reverse_power_attack
561,927058,3414.905029,480.2773438,-0.138656601,4.799999237,7500,7500,0,1,1,0,reverse_power_attack
562,928657,3524.223633,439.3387756,-0.208038315,4.874999523,7500,7500,0,1,1,0,reverse_power_attack
563,930242,3532.541748,415.4951172,-0.152801499,4.874999523,7500,7500,0,1,1,0,reverse_power_attack
564,931812,3416.920898,504.833313,-0.167770371,4.749999523,7500,7500,0,1,1,0,reverse_power_attack
565,933584,3495.755859,426.5899963,-0.199523911,4.799999237,7500,7500,0,1,1,0,reverse_power_attack
566,935243,3505.824707,433.8336182,-0.129211426,4.849999428,7500,7500,0,1,1,0,reverse_power_attack
567,936928,3401.552246,484.6960144,-0.178817749,4.724999428,7500,7500,0,1,1,0,reverse_power_attack
568,938607,3529.704346,438.0107422,-0.164428696,4.824999332,7500,7500,0,1,1,0,reverse_power_attack
569,940199,3474.193848,449.1659851,-0.174224854,4.799999237,7500,7500,0,1,1,0,reverse_power_attack
570,941833,3426.253174,483.5973816,-0.18560791,4.724999428,7500,7500,0,1,1,0,reverse_power_attack
571,943880,3507.526855,419.7929993,-0.152328476,4.849999428,7500,7500,0,1,1,0,reverse_power_attack
572,945996,3483.755371,444.1074829,-0.170898438,4.824999332,7500,7500,0,1,1,0,reverse_power_attack
573,947610,3461.722656,450.3732605,-0.181884766,4.824999332,7500,7500,0,1,1,0,reverse_power_attack
574,949187,3552.727051,407.8168335,-0.193557739,4.899999619,7500,7500,0,1,1,0,reverse_power_attack
575,950807,3489.574707,481.0862427,-0.164550766,4.849999428,7500,7500,0,1,1,0,reverse_power_attack
576,952416,3504.436279,458.9449158,-0.160064697,4.874999523,7500,7500,0,1,1,0,reverse_power_attack
577,954005,3506.017822,448.5019531,-0.142730698,4.849999428,7500,7500,0,1,1,0,reverse_power_attack
578,955591,3491.20459,502.1531982,-0.156478882,4.849999428,7500,7500,0,1,1,0,reverse_power_attack
579,957178,3488.270752,479.9152222,-0.148254395,4.849999428,7500,7500,0,1,1,0,reverse_power_attack
580,958919,3524.996094,474.5066528,-0.16841124,4.824999332,7500,7500,0,1,1,0,reverse_power_attack
581,960522,3428.172852,512.2097778,-0.185775742,4.724999428,7500,7500,0,1,1,0,reverse_power_attack
582,962106,3484.648926,478.7200317,-0.165878296,4.799999237,7500,7500,0,1,1,0,reverse_power_attack
583,963683,3454.285889,466.6835327,-0.15240477,4.749999523,7500,7500,0,1,1,0,reverse_power_attack
584,965274,3498.520752,480.7120361,-0.12582396,4.799999237,7500,7500,0,1,1,0,reverse_power_attack
585,966888,3448.949707,485.5411377,-0.159423828,4.774999619,7500,7500,0,1,1,0,reverse_power_attack
586,968510,3482.391357,469.0739136,-0.155136093,4.799999237,7500,7500,0,1,1,0,reverse_power_attack
587,970096,3448.974121,490.3822937,-0.180541992,4.749999523,7500,7500,0,1,1,0,reverse_power_attack
588,971659,3432.699951,479.5771484,-0.179321274,4.799999237,7500,7500,0,1,1,0,reverse_power_attack
589,973265,3431.275635,496.7445679,-0.196807861,4.774999619,7500,7500,0,1,1,0,reverse_power_attack
590,974889,3484.177979,466.2850952,-0.164978012,4.824999332,7500,7500,0,1,1,0,reverse_power_attack
591,976486,3424.297607,464.8725891,-0.141540512,4.774999619,7500,7500,0,1,1,0,reverse_power_attack
592,978062,3474.109375,436.622406,-0.166915894,4.774999619,7500,7500,0,1,1,0,reverse_power_attack
593,979635,3429.597412,472.3094177,-0.137100205,4.749999523,7500,7500,0,1,1,0,reverse_power_attack
594,981242,3448.008057,425.9259338,-0.175170898,4.749999523,7500,7500,0,1,1,0,reverse_power_attack
595,982989,3410.027344,495.6942139,-0.140075684,4.724999428,7500,7500,0,1,1,0,reverse_power_attack
596,984590,3443.480957,472.9009399,-0.157592773,4.724999428,7500,7500,0,1,1,0,reverse_power_attack
597,986341,3416.039795,472.5508728,-0.158279419,4.724999428,7500,7500,0,1,1,0,reverse_power_attack
598,987902,3434.728271,455.2023315,-0.157028198,4.699999809,7500,7500,0,1,1,0,reverse_power_attack
599,989522,3412.091797,495.8512573,-0.187179565,4.674999714,7500,7500,0,1,1,0,reverse_power_attack
600,991141,3443.468994,452.0030823,-0.108367912,4.749999523,7500,7500,0,1,1,0,reverse_power_attack
601,993221,3433.581299,476.5710754,-0.146438584,4.724999428,7500,7500,0,1,1,0,reverse_power_attack
602,995327,3467.505859,441.0892944,-0.173629746,4.799999237,7500,7500,0,1,1,0,reverse_power_attack
603,996948,3429.126709,459.3433228,-0.1729431,4.749999523,7500,7500,0,1,1,0,reverse_power_attack
604,998631,3409.761963,496.6117554,-0.194503769,4.724999428,7500,7500,0,1,1,0,reverse_power_attack
605,1000247,3466.27417,464.8363953,-0.137374863,4.824999332,7500,7500,0,1,1,0,reverse_power_attack
606,1001841,3437.070557,471.5487976,-0.171463013,4.749999523,7500,7500,0,1,1,0,reverse_power_attack
607,1003464,3396.107666,480.7723999,-0.15737915,4.699999809,7500,7500,0,1,1,0,reverse_power_attack
608,1005054,3447.839111,452.0272217,-0.167846665,4.774999619,7500,7500,0,1,1,0,reverse_power_attack
609,1006673,3422.305664,468.2288208,-0.15839386,4.724999428,7500,7500,0,1,1,0,reverse_power_attack
610,1008309,3431.529053,469.2550354,-0.177452087,4.749999523,7500,7500,0,1,1,0,reverse_power_attack
611,1009930,3373.314209,495.7425537,-0.155288681,4.699999809,7500,7500,0,1,1,0,reverse_power_attack
612,1011500,3392.219971,463.6653137,-0.207870483,4.674999714,7500,7500,0,1,1,0,reverse_power_attack
613,1013085,3422.341797,467.7579346,-0.099983215,4.749999523,7500,7500,0,1,1,0,reverse_power_attack
614,1014718,3383.069092,485.0098877,-0.168228149,4.699999809,7500,7500,0,1,1,0,reverse_power_attack
615,1016309,3429.645508,492.132782,-0.158615112,4.724999428,7500,7500,0,1,1,0,reverse_power_attack
616,1017897,3456.906006,445.6165771,-0.142852768,4.774999619,7500,7500,0,1,1,0,reverse_power_attack
617,1019492,3348.818359,484.1044617,-0.166114807,4.649999619,7500,7500,0,1,1,0,reverse_power_attack
618,1021068,3428.957764,453.1378784,-0.087081902,4.749999523,7500,7500,0,1,1,0,reverse_power_attack
619,1022657,3418.176758,483.7301636,-0.173324585,4.699999809,7500,7500,0,1,1,0,reverse_power_attack
620,1024294,3317.864258,516.350708,-0.124946587,4.624999523,7500,7500,0,1,1,0,reverse_power_attack
621,1025895,3458.076904,438.8075256,-0.160255432,4.774999619,7500,7500,0,1,1,0,reverse_power_attack
622,1027494,3381.511719,497.0464172,-0.150642395,4.649999619,7500,7500,0,1,1,0,reverse_power_attack
623,1029069,3336.987305,499.8593445,-0.145515442,4.624999523,7500,7500,0,1,1,0,reverse_power_attack
624,1030679,3383.189697,478.647583,-0.136352539,4.649999619,7500,7500,0,1,1,0,reverse_power_attack
625,1032423,3359.225342,508.1291504,-0.160881042,4.624999523,7500,7500,0,1,1,0,reverse_power_attack
626,1034039,3327.679199,511.4612732,-0.115798943,4.624999523,7500,7500,0,1,1,0,reverse_power_attack
627,1035769,3417.488525,443.7090759,-0.177139267,4.699999809,7500,7500,0,1,1,0,reverse_power_attack
628,1037358,3388.344971,447.5723572,-0.15694426,4.699999809,7500,7500,0,1,1,0,reverse_power_attack
629,1039010,3386.944336,467.2509155,-0.1469879,4.699999809,7500,7500,0,1,1,0,reverse_power_attack
630,1040590,3414.941162,435.6324463,-0.162887573,4.724999428,7500,7500,0,1,1,0,reverse_power_attack
631,1042832,3356.231445,491.9879456,-0.151382431,4.674999714,7500,7500,0,1,1,0,reverse_power_attack
632,1044733,3325.61499,502.9741516,-0.142173752,4.649999619,7500,7500,0,1,1,0,reverse_power_attack
633,1046299,3470.040771,436.4654541,-0.115028381,4.774999619,7500,7500,0,1,1,0,reverse_power_attack
634,1047900,3333.449951,524.9585571,-0.167236313,4.599999428,7500,7500,0,1,1,0,reverse_power_attack
635,1049525,3374.099121,469.8465271,-0.130836472,4.674999714,7500,7500,0,1,1,0,reverse_power_attack
636,1051101,3390.505859,466.5386353,-0.14862822,4.674999714,7500,7500,0,1,1,0,reverse_power_attack
637,1052687,3385.374756,472.8647766,-0.189163208,4.674999714,7500,7500,0,1,1,0,reverse_power_attack
638,1054268,3362.255859,510.4713135,-0.160705552,4.674999714,7500,7500,0,1,1,0,reverse_power_attack
639,1055889,3417.077881,499.714447,-0.184036255,4.699999809,7500,7500,0,1,1,0,reverse_power_attack
640,1057493,3351.341797,531.815918,-0.105445862,4.624999523,7500,7500,0,1,1,0,reverse_power_attack
641,1059084,3362.03833,509.6141663,-0.18547821,4.674999714,7500,7500,0,1,1,0,reverse_power_attack
642,1060686,3347.514893,519.0067139,-0.170082092,4.624999523,7500,7500,0,1,1,0,reverse_power_attack
643,1062278,3379.483398,495.6580811,-0.164329529,4.674999714,7500,7500,0,1,1,0,reverse_power_attack
644,1063907,3335.200684,520.9262695,-0.180809021,4.649999619,7500,7500,0,1,1,0,reverse_power_attack
645,1065532,3373.821289,512.8375244,-0.139350876,4.674999714,7500,7500,0,1,1,0,reverse_power_attack
646,1067228,3353.901367,527.9043579,-0.216201767,4.674999714,7500,7500,0,1,1,0,reverse_power_attack
647,1068804,3314.701172,508.1412659,-0.110992432,4.599999428,7500,7500,0,1,1,0,reverse_power_attack
648,1070365,3359.116699,522.2904663,-0.137001038,4.674999714,7500,7500,0,1,1,0,reverse_power_attack
649,1072000,3346.621338,517.9926147,-0.146301255,4.624999523,7500,7500,0,1,1,0,reverse_power_attack
650,1073620,3289.239746,538.5162354,-0.137680054,4.574999809,7500,7500,0,1,1,0,reverse_power_attack
651,1075212,3337.941162,485.1185303,-0.178558335,4.599999428,7500,7500,0,1,1,0,reverse_power_attack
652,1076786,3336.299316,510.6161804,-0.147705078,4.574999809,7500,7500,0,1,1,0,reverse_power_attack
653,1078367,3303.570068,530.2826538,-0.167823792,4.599999428,7500,7500,0,1,1,0,reverse_power_attack
654,1080141,3312.298584,510.0125427,-0.160263062,4.549999714,7501,7500,0,1,1,0,reverse_power_attack
655,1081755,3401.130127,439.0731506,-0.161857605,4.699999809,7501,7500,0,1,1,0,reverse_power_attack
656,1083336,3432.893066,444.614563,-0.118400559,4.749999523,7501,7500,0,1,1,0,reverse_power_attack
657,1085110,3469.063232,433.9301758,-0.166046143,4.799999237,7500,7500,0,1,1,0,reverse_power_attack
658,1086700,3429.331787,471.7298889,-0.178619385,4.749999523,7500,7500,0,1,1,0,reverse_power_attack
659,1088344,3412.876709,454.2969055,-0.140159607,4.699999809,7500,7500,0,1,1,0,reverse_power_attack
660,1090067,3462.30249,436.5620117,-0.197799668,4.749999523,7500,7500,0,1,1,0,reverse_power_attack
661,1092353,3470.970947,466.8283691,-0.129241943,4.774999619,7500,7500,0,1,1,0,reverse_power_attack
662,1094233,3418.925049,463.3876648,-0.206527695,4.749999523,7500,7500,0,1,1,0,reverse_power_attack
663,1095840,3429.102051,448.2484436,-0.160507187,4.724999428,7500,7500,0,1,1,0,reverse_power_attack
664,1097463,3432.362061,452.5342712,-0.151382431,4.774999619,7500,7500,0,1,1,0,reverse_power_attack
665,1099033,3414.482422,464.7398071,-0.154716492,4.724999428,7500,7500,0,1,1,0,reverse_power_attack
666,1100656,3483.405518,416.3764343,-0.188789353,4.849999428,7500,7500,0,1,1,0,reverse_power_attack
667,1102244,3410.727539,467.1543274,-0.171096787,4.724999428,7500,7500,0,1,1,0,reverse_power_attack
668,1103898,3455.360596,467.7096863,-0.159286499,4.774999619,7500,7500,0,1,1,0,reverse_power_attack
669,1105499,3434.607666,481.9434204,-0.144950867,4.749999523,7500,7500,0,1,1,0,reverse_power_attack
670,1107099,3423.814697,480.8327026,-0.140876755,4.749999523,7500,7500,0,1,1,0,reverse_power_attack
671,1108704,3430.707764,483.9233398,-0.150970444,4.724999428,7500,7500,0,1,1,0,reverse_power_attack
672,1110257,3453.11499,457.8341675,-0.177642822,4.749999523,7500,7500,0,1,1,0,reverse_power_attack
673,1111851,3389.189941,476.0639954,-0.145385727,4.699999809,7500,7500,0,1,1,0,reverse_power_attack
674,1113451,3405.319092,477.6696472,-0.193405136,4.699999809,7500,7500,0,1,1,0,reverse_power_attack
675,1115041,3448.008057,452.4014893,-0.160484314,4.749999523,7500,7500,0,1,1,0,reverse_power_attack
676,1116672,3406.550537,454.3934631,-0.158691406,4.699999809,7500,7500,0,1,1,0,reverse_power_attack
677,1118270,3343.639404,500.5837097,-0.204071045,4.624999523,7500,7500,0,1,1,0,reverse_power_attack
678,1119887,3485.663086,401.5148926,-0.139541626,4.799999237,7500,7500,0,1,1,0,reverse_power_attack
679,1121496,3351.450684,488.7766113,-0.174217224,4.649999619,7500,7500,0,1,1,0,reverse_power_attack
680,1123088,3389.129639,484.3217468,-0.165374741,4.699999809,7500,7500,0,1,1,0,reverse_power_attack
681,1124704,3452.946045,426.3243408,-0.141098022,4.774999619,7500,7500,0,1,1,0,reverse_power_attack
682,1126282,3374.750977,500.9458923,-0.158023834,4.699999809,7500,7500,0,1,1,0,reverse_power_attack
683,1127884,3346.343994,522.4836426,-0.179023743,4.649999619,7500,7500,0,1,1,0,reverse_power_attack
684,1129662,3444.688232,444.9888306,-0.128868103,4.749999523,7500,7500,0,1,1,0,reverse_power_attack
685,1131270,3345.317627,498.555542,-0.157031998,4.624999523,7500,7500,0,1,1,0,reverse_power_attack
686,1133057,3390.469727,480.3860474,-0.179897293,4.699999809,7500,7500,0,1,1,0,reverse_power_attack
687,1134685,3407.250732,469.1101074,-0.134170532,4.699999809,7500,7500,0,1,1,0,reverse_power_attack
688,1136282,3339.293213,485.4444885,-0.166740403,4.624999523,7500,7500,0,1,1,0,reverse_power_attack
689,1137925,3344.110352,488.6679077,-0.109920494,4.624999523,7500,7500,0,1,1,0,reverse_power_attack
690,1139995,3424.840576,423.7287292,-0.180969223,4.699999809,7500,7500,0,1,1,0,reverse_power_attack
691,1142089,3312.117676,499.7024536,-0.228271484,4.599999428,7500,7500,0,1,1,0,reverse_power_attack
692,1143664,3410.1604,462.6029053,-0.169044495,4.724999428,7500,7500,0,1,1,0,reverse_power_attack
693,1145281,3428.257324,442.6225586,-0.216640458,4.724999428,7500,7500,0,1,1,0,reverse_power_attack
694,1146911,3335.454102,483.8388672,-0.118228897,4.674999714,7500,7500,0,1,1,0,reverse_power_attack
695,1148547,3437.08252,434.2802734,-0.169033051,4.774999619,7500,7500,0,1,1,0,reverse_power_attack
696,1150156,3453.465088,419.9378967,-0.147003174,4.799999237,7500,7500,0,1,1,0,reverse_power_attack
697,1151737,3333.353516,491.7947693,-0.1549263,4.624999523,7500,7500,0,1,1,0,reverse_power_attack
698,1153328,3440.740723,422.5335388,-0.214668274,4.774999619,7500,7500,0,1,1,0,reverse_power_attack
699,1154928,3429.959717,450.6991882,-0.131099701,4.724999428,7500,7500,0,1,1,0,reverse_power_attack
700,1156544,3343.120361,515.7470703,-0.159992203,4.649999619,7500,7500,0,1,1,0,reverse_power_attack
701,1158159,3366.348389,523.3649902,-0.131614685,4.649999619,7500,7500,0,1,1,0,reverse_power_attack
702,1159740,3442.768799,489.3078003,-0.169803604,4.749999523,7500,7500,0,1,1,0,reverse_power_attack
703,1161339,3316.54834,519.3688965,-0.150970444,4.574999809,7500,7500,0,1,1,0,reverse_power_attack
704,1162987,3419.407959,480.6275024,-0.136745453,4.724999428,7500,7500,0,1,1,0,reverse_power_attack
705,1164551,3344.593262,523.0751953,-0.16293335,4.624999523,7500,7500,0,1,1,0,reverse_power_attack
706,1166125,3321.160156,522.6889038,-0.139377579,4.624999523,7500,7500,0,1,1,0,reverse_power_attack
707,1167671,3370.126953,518.71698,-0.179302201,4.674999714,7500,7500,0,1,1,0,reverse_power_attack
708,1169276,3381.089111,506.921875,-0.15090178,4.699999809,7500,7500,0,1,1,0,reverse_power_attack
709,1170863,3306.431396,557.3497314,-0.183616638,4.624999523,7500,7500,0,1,1,0,reverse_power_attack
710,1172486,3364.585938,537.574585,-0.125614166,4.674999714,7500,7500,0,1,1,0,reverse_power_attack
711,1174126,3375.028809,532.4436035,-0.158290863,4.699999809,7500,7500,0,1,1,0,reverse_power_attack
712,1175849,3327.787842,521.9162598,-0.147396088,4.649999619,7500,7500,0,1,1,0,reverse_power_attack
713,1177529,3290.652344,516.5679932,-0.186355591,4.574999809,7500,7500,0,1,1,0,reverse_power_attack
714,1179292,3313.675049,493.7988281,-0.199310288,4.574999809,7500,7500,0,1,1,0,reverse_power_attack
715,1180895,3313.336914,498.4951477,-0.165164948,4.574999809,7500,7500,0,1,1,0,reverse_power_attack
716,1182640,3347.720215,479.3598328,-0.153182983,4.599999428,7500,7500,0,1,1,0,reverse_power_attack
717,1184277,3288.503418,512.5357056,-0.148708344,4.574999809,7500,7500,0,1,1,0,reverse_power_attack
718,1185886,3295.903809,512.958252,-0.14938353,4.549999714,7500,7500,0,1,1,0,reverse_power_attack
719,1187504,3352.996094,469.1342773,-0.146934509,4.649999619,7500,7500,0,1,1,0,reverse_power_attack
720,1189725,3302.712891,485.8791504,-0.141296387,4.599999428,7500,7500,0,1,1,0,reverse_power_attack
721,1191632,3325.289063,469.0256042,-0.169078827,4.624999523,7500,7500,0,1,1,0,reverse_power_attack
722,1193210,3314.024902,504.7367249,-0.148420334,4.624999523,7500,7500,0,1,1,0,reverse_power_attack
723,1194856,3331.893066,476.9091187,-0.174882874,4.624999523,7500,7500,0,1,1,0,reverse_power_attack
724,1196440,3302.109375,504.0123596,-0.174230561,4.574999809,7500,7500,0,1,1,0,reverse_power_attack
725,1198034,3369.475098,461.3956604,-0.112848282,4.649999619,7500,7500,0,1,1,0,reverse_power_attack
726,1199629,3281.5979,513.996521,-0.156198487,4.574999809,7500,7500,0,1,1,0,reverse_power_attack
727,1201216,3339.136475,498.0001221,-0.121572487,4.624999523,7500,7500,0,1,1,0,reverse_power_attack
728,1202835,3347.804688,466.466217,-0.156007767,4.599999428,7500,7500,0,1,1,0,reverse_power_attack
729,1204402,3280.921631,514.0810547,-0.194749832,4.499999523,7500,7500,0,1,1,0,reverse_power_attack
730,1206111,3321.05127,478.2370911,-0.174142838,4.574999809,7500,7500,0,1,1,0,reverse_power_attack
731,1207687,3326.882568,480.4584656,-0.204654694,4.599999428,7500,7500,0,1,1,0,reverse_power_attack
732,1209329,3285.13501,490.3942871,-0.163797379,4.549999714,7500,7500,0,1,1,0,reverse_power_attack
733,1210959,3336.806396,480.3136292,-0.172840104,4.624999523,7500,7500,0,1,1,0,reverse_power_attack
734,1212632,3332.882813,481.9313049,-0.15001297,4.624999523,7500,7500,0,1,1,0,reverse_power_attack
735,1214220,3301.964355,496.3582764,-0.135261536,4.574999809,7500,7500,0,1,1,0,reverse_power_attack
736,1215816,3358.971924,475.8829041,-0.158958435,4.649999619,7500,7500,0,1,1,0,reverse_power_attack
737,1217474,3333.486572,492.2052612,-0.221818924,4.624999523,7500,7500,0,1,1,0,reverse_power_attack
738,1219061,3241.648926,518.7773438,-0.188215256,4.549999714,7500,7500,0,1,1,0,reverse_power_attack
739,1220627,3348.552979,438.7472229,-0.141292572,4.649999619,7500,7500,0,1,1,0,reverse_power_attack
740,1222227,3282.370361,503.143158,-0.198127732,4.549999714,7500,7500,0,1,1,0,reverse_power_attack
741,1223814,3207.567871,551.4219971,-0.1519842,4.449999332,7500,7500,0,1,1,0,reverse_power_attack
742,1225442,3300.503662,489.1750183,-0.165784821,4.599999428,7500,7500,0,1,1,0,reverse_power_attack
743,1227174,3279.774658,507.8997803,-0.153072357,4.549999714,7500,7500,0,1,1,0,reverse_power_attack
744,1228783,3266.349854,518.5841675,-0.16690062,4.499999523,7500,7500,0,1,1,0,reverse_power_attack
745,1230506,3327.111816,488.728302,-0.238347039,4.599999428,7500,7500,0,1,1,0,reverse_power_attack
746,1232082,3245.947021,526.5401001,-0.132670403,4.499999523,7500,7500,0,1,1,0,reverse_power_attack
747,1233687,3269.34375,477.5610352,-0.175426483,4.549999714,7500,7500,0,1,1,0,reverse_power_attack
748,1235300,3331.941162,462.6632996,-0.143507957,4.574999809,7500,7500,0,1,1,0,reverse_power_attack
749,1237130,3290.411133,491.4205322,-0.147753701,4.574999809,7500,7500,0,1,1,0,reverse_power_attack
750,1239358,3215.246094,534.0010376,-0.156258568,4.499999523,7500,7500,0,1,1,0,reverse_power_attack
751,1241009,3336.564697,467.0456848,-0.182953835,4.624999523,7500,7500,0,1,1,0,reverse_power_attack
752,1242616,3242.892578,523.425354,-0.155722618,4.524999619,7500,7500,0,1,1,0,reverse_power_attack
753,1244203,3240.345215,502.6481628,-0.157183647,4.524999619,7500,7500,0,1,1,0,reverse_power_attack
754,1245801,3307.856201,453.0292358,-0.206731796,4.599999428,7500,7500,0,1,1,0,reverse_power_attack
755,1247363,3301.602295,488.0884094,-0.139758572,4.574999809,7500,7500,0,1,1,0,reverse_power_attack
756,1248908,3254.15625,535.6187744,-0.200606823,4.499999523,7500,7500,0,1,1,0,reverse_power_attack
757,1250551,3285.074707,492.8934021,-0.141120672,4.549999714,7500,7500,0,1,1,0,reverse_power_attack
758,1252124,3286.294189,477.3678894,-0.159259543,4.499999523,7500,7500,0,1,1,0,reverse_power_attack
759,1253743,3264.575195,532.3833008,-0.179329976,4.524999619,7500,7500,0,1,1,0,reverse_power_attack
760,1255324,3277.758545,519.0429688,-0.15382123,4.549999714,7500,7500,0,1,1,0,reverse_power_attack
761,1256931,3210.211426,530.3912964,-0.170355454,4.474999428,7500,7500,0,1,1,0,reverse_power_attack
762,1258520,3292.463135,510.2901917,-0.171192989,4.574999809,7500,7500,0,1,1,0,reverse_power_attack
763,1260172,3252.876709,532.1177368,-0.175910354,4.549999714,7500,7500,0,1,1,0,reverse_power_attack
764,1261757,3229.431396,540.2547607,-0.141938448,4.524999619,7500,7500,0,1,1,0,reverse_power_attack
765,1263480,3280.354248,514.4552612,-0.118069887,4.549999714,7500,7500,0,1,1,0,reverse_power_attack
766,1265074,3269.186768,508.1895447,-0.130379662,4.574999809,7500,7500,0,1,1,0,reverse_power_attack
767,1266679,3176.733887,550.4924316,-0.133471012,4.424999237,7500,7500,0,1,1,0,reverse_power_attack
768,1268272,3304.222168,534.6408691,-0.190284237,4.574999809,7500,7500,0,1,1,0,reverse_power_attack
769,1269876,3259.552979,567.3942261,-0.134059906,4.549999714,7500,7500,0,1,1,0,reverse_power_attack
770,1271439,3170.793945,581.7849121,-0.145821095,4.449999332,7500,7500,0,1,1,0,reverse_power_attack
771,1273015,3224.566162,588.5698242,-0.173398957,4.474999428,7500,7500,0,1,1,0,reverse_power_attack
772,1274632,3244.389648,546.3394165,-0.130363449,4.499999523,7500,7500,0,1,1,0,reverse_power_attack
773,1276407,3156.717529,579.5394287,-0.185667992,4.399999619,7500,7500,0,1,1,0,reverse_power_attack
774,1277971,3201.881348,534.4598389,-0.122971527,4.449999332,7500,7500,0,1,1,0,reverse_power_attack
775,1279701,3191.909424,529.9324951,-0.148177147,4.474999428,7500,7500,0,1,1,0,reverse_power_attack
776,1281280,3207.229736,518.9946899,-0.153806686,4.474999428,7500,7500,0,1,1,0,reverse_power_attack
777,1282838,3213.929688,502.3825684,-0.16455555,4.474999428,7500,7500,0,1,1,0,reverse_power_attack
778,1284598,3262.390137,467.9511108,-0.222138405,4.549999714,7500,7500,0,1,1,0,reverse_power_attack
779,1286799,3170.782227,561.4061279,-0.141547188,4.399999619,7500,7500,0,1,1,0,reverse_power_attack
780,1288777,3245.584717,510.4230042,-0.17401886,4.499999523,7500,7500,0,1,1,0,reverse_power_attack
781,1290389,3234.212158,496.6359253,-0.146657944,4.524999619,7500,7500,0,1,1,0,reverse_power_attack
782,1292004,3167.571045,535.3532104,-0.155363083,4.424999237,7500,7500,0,1,1,0,reverse_power_attack
783,1293601,3182.685791,543.4177856,-0.151136383,4.424999237,7500,7500,0,1,1,0,reverse_power_attack
784,1295213,3231.302979,506.390686,-0.132806778,4.474999428,7500,7500,0,1,1,0,reverse_power_attack
785,1296830,3161.618896,526.0089111,-0.19448851,4.374999523,7500,7500,0,1,1,0,reverse_power_attack
786,1298425,3201.978027,510.6885986,-0.131786346,4.424999237,7500,7500,0,1,1,0,reverse_power_attack
787,1300038,3269.89917,472.7802429,-0.191194534,4.524999619,7500,7500,0,1,1,0,reverse_power_attack
788,1301619,3150.005127,533.1318359,-0.117013924,4.374999523,7500,7500,0,1,1,0,reverse_power_attack
789,1303216,3174.391602,511.4129639,-0.152225479,4.424999237,7500,7500,0,1,1,0,reverse_power_attack
790,1304796,3236.361328,474.7722473,-0.155422211,4.524999619,7500,7500,0,1,1,0,reverse_power_attack
791,1306373,3219.205811,513.211792,-0.11220932,4.499999523,7500,7500,0,1,1,0,reverse_power_attack
792,1307988,3226.123535,475.2672119,-0.192300797,4.499999523,7500,7500,0,1,1,0,reverse_power_attack
793,1309567,3221.028809,508.6603699,-0.128227219,4.499999523,7500,7500,0,1,1,0,reverse_power_attack
794,1311166,3194.577393,492.2897949,-0.162492752,4.449999332,7500,7500,0,1,1,0,reverse_power_attack
795,1312781,3198.295898,528.2664795,-0.178123474,4.449999332,7500,7500,0,1,1,0,reverse_power_attack
796,1314383,3234.960938,501.3322449,-0.145166397,4.499999523,7500,7500,0,1,1,0,reverse_power_attack
797,1315972,3146.105225,544.3352661,-0.153488144,4.374999523,7500,7500,0,1,1,0,reverse_power_attack
798,1317569,3186.428711,519.489624,-0.153213486,4.424999237,7500,7500,0,1,1,0,reverse_power_attack
799,1319162,3206.119141,504.4711304,-0.184261322,4.424999237,7500,7500,0,1,1,0,reverse_power_attack
800,1320764,3188.661865,511.6906128,-0.167926788,4.424999237,7500,7500,0,1,1,0,reverse_power_attack
801,1322371,3160.447998,523.956543,-0.155544281,4.399999619,7501,7500,0,1,1,0,reverse_power_attack
802,1324076,3229.902344,484.3821106,-0.154251084,4.499999523,7501,7500,0,1,1,0,reverse_power_attack
803,1325763,3263.741943,434.8839417,-0.19437407,4.549999714,7501,7500,0,1,1,0,reverse_power_attack
804,1327366,3265.311768,494.1851807,-0.133045197,4.549999714,7500,7500,0,1,1,0,reverse_power_attack
805,1329161,3304.487549,483.9837036,-0.159957871,4.574999809,7500,7500,0,1,1,0,reverse_power_attack
806,1330803,3273.171143,482.1607361,-0.160709381,4.574999809,7500,7500,0,1,1,0,reverse_power_attack
807,1332409,3226.871826,532.2867432,-0.122112267,4.474999428,7500,7500,0,1,1,0,reverse_power_attack
808,1334029,3314.882324,483.3800964,-0.197505951,4.574999809,7500,7500,0,1,1,0,reverse_power_attack
809,1336251,3251.138428,493.1106873,-0.169563279,4.499999523,7500,7500,0,1,1,0,reverse_power_attack
810,1338158,3252.659668,497.903595,-0.17156218,4.524999619,7500,7500,0,1,1,0,reverse_power_attack
811,1339768,3278.229492,500.3905334,-0.143352509,4.549999714,7500,7500,0,1,1,0,reverse_power_attack
812,1341425,3257.572998,501.3201294,-0.167778,4.524999619,7500,7500,0,1,1,0,reverse_power_attack
813,1343052,3337.736084,459.5968018,-0.175052643,4.624999523,7500,7500,0,1,1,0,reverse_power_attack
814,1344677,3295.19165,494.9337158,-0.119644158,4.574999809,7500,7500,0,1,1,0,reverse_power_attack
815,1346260,3289.686523,507.3806458,-0.17773056,4.599999428,7500,7500,0,1,1,0,reverse_power_attack
816,1347851,3318.950928,468.301239,-0.191001877,4.624999523,7500,7500,0,1,1,0,reverse_power_attack
817,1349433,3250.510254,519.0429688,-0.142299652,4.524999619,7500,7500,0,1,1,0,reverse_power_attack
818,1351025,3264.744141,505.2800293,-0.184120163,4.524999619,7500,7500,0,1,1,0,reverse_power_attack
819,1352625,3338.750244,468.0356445,-0.141609177,4.649999619,7500,7500,0,1,1,0,reverse_power_attack
820,1354202,3251.947021,494.2697144,-0.194755554,4.524999619,7500,7500,0,1,1,0,reverse_power_attack
821,1355853,3222.006592,565.4263306,-0.136577591,4.524999619,7500,7500,0,1,1,0,reverse_power_attack
822,1357450,3294.853516,534.3873901,-0.15826416,4.574999809,7500,7500,0,1,1,0,reverse_power_attack
823,1359010,3259.963379,531.4899292,-0.16917038,4.524999619,7500,7500,0,1,1,0,reverse_power_attack
824,1360609,3239.355225,570.6900635,-0.126651764,4.524999619,7500,7500,0,1,1,0,reverse_power_attack
825,1362201,3328.669189,518.9946899,-0.163742051,4.624999523,7500,7500,0,1,1,0,reverse_power_attack
826,1363798,3263.718262,515.6625366,-0.152923584,4.549999714,7500,7500,0,1,1,0,reverse_power_attack
827,1365384,3252.381836,586.5899048,-0.14919281,4.549999714,7500,7500,0,1,1,0,reverse_power_attack
828,1366962,3299.151367,551.5789795,-0.128982529,4.624999523,7500,7500,0,1,1,0,reverse_power_attack
829,1368522,3295.106934,544.0335083,-0.163936615,4.599999428,7500,7500,0,1,1,0,reverse_power_attack
830,1370130,3238.051514,578.1148071,-0.163787827,4.549999714,7500,7500,0,1,1,0,reverse_power_attack
831,1371711,3272.591309,536.5484009,-0.151824951,4.599999428,7500,7500,0,1,1,0,reverse_power_attack
832,1373484,3243.906738,547.0154419,-0.177783951,4.499999523,7500,7500,0,1,1,0,reverse_power_attack
833,1375077,3262.015625,523.1959839,-0.135097504,4.549999714,7500,7500,0,1,1,0,reverse_power_attack
834,1376829,3226.678955,549.7197266,-0.187301621,4.474999428,7500,7500,0,1,1,0,reverse_power_attack
835,1378450,3220.425293,551.7841797,-0.126682267,4.499999523,7500,7500,0,1,1,0,reverse_power_attack
836,1380054,3178.255127,560.6334839,-0.181007385,4.399999619,7500,7500,0,1,1,0,reverse_power_attack
837,1381642,3191.957764,510.326416,-0.140777588,4.424999237,7500,7500,0,1,1,0,reverse_power_attack
838,1383522,3198.030029,485.0461121,-0.125030518,4.424999237,7500,7500,0,1,1,0,reverse_power_attack
839,1385509,3217.383057,513.9602661,-0.219245911,4.474999428,7500,7500,0,1,1,0,reverse_power_attack
840,1387431,3203.19751,500.4147034,-0.161804184,4.424999237,7500,7500,0,1,1,0,reverse_power_attack
841,1389022,3195.772705,509.7831116,-0.184585571,4.449999332,7500,7500,0,1,1,0,reverse_power_attack
842,1390604,3242.264893,480.4946899,-0.153213486,4.499999523,7500,7500,0,1,1,0,reverse_power_attack
843,1392192,3192.790527,531.803772,-0.179695129,4.449999332,7500,7500,0,1,1,0,reverse_power_attack
844,1393916,3217.539551,493.2434998,-0.165313706,4.474999428,7500,7500,0,1,1,0,reverse_power_attack
845,1395490,3177.204834,507.7428894,-0.127471909,4.449999332,7500,7500,0,1,1,0,reverse_power_attack
846,1397103,3212.324463,511.6544495,-0.147987366,4.474999428,7500,7500,0,1,1,0,reverse_power_attack
847,1398697,3222.284424,498.809021,-0.150657654,4.499999523,7500,7500,0,1,1,0,reverse_power_attack
848,1400287,3208.388672,529.980835,-0.171051025,4.449999332,7500,7500,0,1,1,0,reverse_power_attack
849,1401833,3185.076416,535.1117554,-0.164016709,4.449999332,7500,7500,0,1,1,0,reverse_power_attack
850,1403425,3165.844482,550.9390869,-0.184143052,4.374999523,7500,7500,0,1,1,0,reverse_power_attack
851,1405058,3267.207031,446.4375305,-0.144889832,4.524999619,7500,7500,0,1,1,0,reverse_power_attack
852,1406635,3173.83667,525.5501099,-0.154434204,4.399999619,7500,7500,0,1,1,0,reverse_power_attack
853,1408230,3156.11377,521.059082,-0.132362351,4.399999619,7500,7500,0,1,1,0,reverse_power_attack
854,1409804,3222.139404,518.43927,-0.142333984,4.474999428,7500,7500,0,1,1,0,reverse_power_attack
855,1411371,3201.289795,507.5255432,-0.182739258,4.449999332,7500,7500,0,1,1,0,reverse_power_attack
856,1412977,3195.217529,514.52771,-0.16570282,4.424999237,7500,7500,0,1,1,0,reverse_power_attack
857,1414558,3203.789063,507.0064087,-0.203964218,4.499999523,7500,7500,0,1,1,0,reverse_power_attack
858,1416130,3261.460693,480.0117493,-0.163108811,4.549999714,7500,7500,0,1,1,0,reverse_power_attack
859,1417684,3181.285645,497.227478,-0.124588005,4.449999332,7500,7500,0,1,1,0,reverse_power_attack
860,1419289,3207.012207,515.4331665,-0.151512131,4.474999428,7500,7500,0,1,1,0,reverse_power_attack
861,1420898,3182.239502,546.0134277,-0.176460266,4.424999237,7500,7500,0,1,1,0,reverse_power_attack
862,1422648,3176.11792,515.7108154,-0.157180786,4.374999523,7500,7500,0,1,1,0,reverse_power_attack
863,1424252,3154.314941,534.3632202,-0.180412278,4.399999619,7500,7500,0,1,1,0,reverse_power_attack
864,1426031,3120.462646,548.0054321,-0.154518113,4.349999428,7500,7500,0,1,1,0,reverse_power_attack
865,1427623,3202.002197,505.5456238,-0.181449875,4.449999332,7500,7500,0,1,1,0,reverse_power_attack
866,1429273,3175.260986,484.7080688,-0.129844666,4.424999237,7500,7500,0,1,1,0,reverse_power_attack
867,1430861,3134.720947,543.9489746,-0.184608445,4.374999523,7500,7500,0,1,1,0,reverse_power_attack
868,1432989,3223.527832,491.8430786,-0.130065918,4.474999428,7500,7500,0,1,1,0,reverse_power_attack
869,1434981,3181.200684,516.362793,-0.171302781,4.474999428,7500,7500,0,1,1,0,reverse_power_attack
870,1436595,3123.553711,535.6308594,-0.201324463,4.399999619,7500,7500,0,1,1,0,reverse_power_attack
871,1438193,3208.074463,467.6734924,-0.173248291,4.474999428,7500,7500,0,1,1,0,reverse_power_attack
872,1439817,3200.529297,517.3768921,-0.179290771,4.474999428,7500,7500,0,1,1,0,reverse_power_attack
873,1441453,3106.4104,571.076416,-0.144165024,4.349999428,7500,7500,0,1,1,0,reverse_power_attack
874,1443048,3204.151123,500.8614197,-0.158378586,4.474999428,7500,7500,0,1,1,0,reverse_power_attack
875,1444675,3187.587158,516.5317993,-0.148490891,4.424999237,7500,7500,0,1,1,0,reverse_power_attack
876,1446284,3090.414063,575.6519775,-0.166641235,4.349999428,7500,7500,0,1,1,0,reverse_power_attack
877,1447896,3180.597168,515.2883301,-0.162582397,4.399999619,7500,7500,0,1,1,0,reverse_power_attack
878,1449445,3219.375,469.6051331,-0.151412964,4.474999428,7500,7500,0,1,1,0,reverse_power_attack
879,1451035,3097.633301,537.9126587,-0.199233994,4.274999619,7500,7500,0,1,1,0,reverse_power_attack
880,1452676,3181.587158,480.2411499,-0.156593308,4.399999619,7500,7500,0,1,1,0,reverse_power_attack
881,1454267,3218.795166,478.9977112,-0.178611755,4.424999237,7500,7500,0,1,1,0,reverse_power_attack
882,1455847,3109.464844,517.2923584,-0.11280822,4.349999428,7500,7500,0,1,1,0,reverse_power_attack
883,1457455,3206.360352,517.6183472,-0.178070068,4.499999523,7500,7500,0,1,1,0,reverse_power_attack
884,1459038,3235.081543,485.0340576,-0.161399826,4.499999523,7500,7500,0,1,1,0,reverse_power_attack
885,1460651,3160.375488,599.0368652,-0.19329071,4.424999237,7500,7500,0,1,1,0,reverse_power_attack
886,1462264,3195.313721,558.4121094,-0.173355088,4.474999428,7500,7500,0,1,1,0,reverse_power_attack
887,1463868,3231.073242,527.9888916,-0.120208733,4.499999523,7500,7500,0,1,1,0,reverse_power_attack
888,1465462,3128.539551,582.0021973,-0.154998764,4.399999619,7500,7500,0,1,1,0,reverse_power_attack
889,1467072,3178.255127,603.6365356,-0.146972641,4.424999237,7500,7500,0,1,1,0,reverse_power_attack
890,1468679,3148.90625,577.1489868,-0.152702332,4.399999619,7500,7500,0,1,1,0,reverse_power_attack
891,1470477,3074.212402,642.7763672,-0.169700608,4.324999809,7500,7500,0,1,1,0,reverse_power_attack
892,1472070,3120.330078,607.741272,-0.144157395,4.374999523,7500,7500,0,1,1,0,reverse_power_attack
893,1473698,3186.054199,553.9089355,-0.146835312,4.424999237,7500,7500,0,1,1,0,reverse_power_attack
894,1475406,3090.377441,604.9283447,-0.163711548,4.324999809,7500,7500,0,1,1,0,reverse_power_attack
895,1477053,3103.959473,599.1817017,-0.184654236,4.324999809,7500,7500,0,1,1,0,reverse_power_attack
896,1478626,3121.175293,550.3595581,-0.158287048,4.374999523,7500,7500,0,1,1,0,reverse_power_attack
897,1480251,3093.130371,570.7866821,-0.163658127,4.324999809,7500,7500,0,1,1,0,reverse_power_attack
898,1482437,3108.136719,525.9002686,-0.126022324,4.349999428,7500,7500,0,1,1,0,reverse_power_attack
899,1484343,3100.205078,531.8641968,-0.148849487,4.349999428,7500,7500,0,1,1,0,reverse_power_attack
900,1485951,3073.367188,536.6691284,-0.13048552,4.324999809,7500,7500,0,1,0,0,normal
901,1487527,3075.866211,580.227478,-0.145751938,4.299999714,7500,7500,0,1,0,0,normal
902,1489100,3099.685791,530.5120239,-0.177230835,4.349999428,7500,7500,0,1,0,0,normal
903,1490703,3070.675049,558.0620117,-0.164108276,4.299999714,7501,7500,0,1,0,0,normal
904,1492288,3082.856201,530.6327515,-0.13129425,4.299999714,7501,7500,0,1,0,0,normal
905,1493930,3170.311523,471.838562,-0.169273376,4.399999619,7501,7500,0,1,0,0,normal
906,1495532,3197.837158,461.2266235,-0.157737732,4.424999237,7501,7500,0,1,0,0,normal
907,1497122,3235.117676,449.2866821,-0.148796082,4.474999428,7501,7500,0,1,0,0,normal
908,1498683,3278.651855,444.5059204,-0.153854355,4.574999809,7501,7500,0,1,0,0,normal
909,1500407,3327.522217,438.4816284,-0.156448349,4.599999428,7501,7500,0,1,0,0,normal
910,1502033,3337.30127,466.7800903,-0.170532212,4.624999523,7501,7500,0,1,0,0,normal
911,1503648,3356.195313,454.6590881,-0.187316895,4.649999619,7501,7500,0,1,0,0,normal
912,1505250,3461.81958,451.8944092,-0.158157334,4.824999332,7501,7500,0,1,0,0,normal
913,1506881,3483.586426,434.388916,-0.135482788,4.824999332,7501,7500,0,1,0,0,normal
914,1508507,3534.340576,414.9759827,-0.180404663,4.874999523,7501,7500,0,1,0,0,normal
915,1510150,3572.852295,388.0054932,-0.122360229,4.899999619,7501,7500,0,1,0,0,normal
916,1511732,3642.57251,395.1646423,-0.158462524,5.049999714,7501,7500,0,1,0,0,normal
917,1513326,3694.919922,347.7067566,-0.181182846,5.124999523,7501,7500,0,1,0,0,normal
918,1514910,3705.362793,375.8482666,-0.153381348,5.099999905,7501,7500,0,1,0,0,normal
919,1516529,3774.612061,347.1755371,-0.189468384,5.199999332,7501,7500,0,1,0,0,normal
920,1518169,3746.675537,372.9146118,-0.13470459,5.124999523,7501,7500,0,1,0,0,normal
921,1519917,3817.349365,301.2629395,-0.148910508,5.249999523,7501,7500,0,1,0,0,normal
922,1521514,3878.461426,340.4631042,-0.147277832,5.374999523,7501,7500,0,1,0,0,normal
923,1523226,3869.310303,349.5780029,-0.139648438,5.349999428,7501,7500,0,1,0,0,normal
924,1524833,3961.183594,321.3640442,-0.16569519,5.449999809,7501,7500,0,1,0,0,normal
925,1526442,3973.208008,300.5023804,-0.1665802,5.474999905,7501,7500,0,1,0,0,normal
926,1528022,3994.492676,345.4249878,-0.196380615,5.474999905,7501,7500,0,1,0,0,normal
927,1529954,4025.845215,331.1308899,-0.129348755,5.574999332,7501,7500,0,1,0,0,normal
928,1531837,4121.714844,251.76474,-0.194213852,5.699999332,7501,7500,0,1,0,0,normal
929,1533785,4101.56543,299.2588501,-0.138595566,5.649999619,7501,7500,0,1,0,0,normal
930,1535411,4082.937256,345.1714478,-0.172058091,5.599999428,7500,7501,0,1,0,0,normal
931,1536997,4059.793945,337.6984253,-0.168899521,5.599999428,7501,7500,0,1,0,0,normal
932,1538583,4089.299561,334.2577209,-0.147354126,5.674999714,7501,7500,0,1,0,0,normal
933,1540155,4175.776855,278.0832825,-0.178482056,5.774999619,7500,7501,0,1,0,0,normal
934,1541749,4090.844971,348.5155945,-0.131500244,5.649999619,7500,7501,0,1,0,0,normal
935,1543323,4117.852051,319.0702209,-0.170776367,5.674999714,7500,7501,0,1,0,0,normal
936,1544894,4101.384277,333.5333557,-0.161209106,5.624999523,7500,7501,0,1,0,0,normal
937,1546465,4004.983643,362.7131348,-0.160263062,5.524999619,7501,7500,0,1,0,0,normal
938,1548094,4077.347412,305.3918152,-0.197814941,5.624999523,7501,7500,0,1,0,0,normal
939,1549743,4073.834473,326.905426,-0.13899231,5.649999619,7501,7500,0,1,0,0,normal
940,1551340,4130.467773,326.4104309,-0.118011467,5.674999714,7501,7500,0,1,0,0,normal
941,1552930,4178.601563,293.5364075,-0.161437988,5.749999523,7500,7501,0,1,0,0,normal
942,1554548,4100.817383,366.4556885,-0.156234726,5.649999619,7500,7501,0,1,0,0,normal
943,1556144,4144.351074,362.3630066,-0.168807968,5.724999428,7501,7500,0,1,0,0,normal
944,1557753,4093.174805,402.1306152,-0.156097397,5.649999619,7501,7500,0,1,0,0,normal
945,1559388,4135.840332,340.269928,-0.134277329,5.724999428,7500,7501,0,1,0,0,normal
946,1560977,4080.571045,404.8228149,-0.184127793,5.624999523,7501,7500,0,1,0,0,normal
947,1562564,4147.297363,315.8830261,-0.142364487,5.724999428,7500,7501,0,1,0,0,normal
948,1564132,4073.689697,373.6027527,-0.175033569,5.574999332,7501,7500,0,1,0,0,normal
949,1565748,4166.987793,305.7298584,-0.188552856,5.749999523,7500,7501,0,1,0,0,normal
950,1567341,4070.237061,389.7319336,-0.162017807,5.599999428,7501,7500,0,1,0,0,normal
951,1569078,4119.36084,342.6361694,-0.181915283,5.674999714,7500,7501,0,1,0,0,normal
952,1570663,4125.879883,356.3387146,-0.147766113,5.674999714,7501,7500,0,1,0,0,normal
953,1572429,4056.376953,375.4981689,-0.165161118,5.574999332,7501,7500,0,1,0,0,normal
954,1574061,4147.104004,316.559082,-0.159576416,5.699999332,7500,7501,0,1,0,0,normal
955,1575738,4084.397949,344.1452637,-0.171478271,5.674999714,7501,7500,0,1,0,0,normal
956,1577339,4071.528809,334.233551,-0.138549805,5.624999523,7501,7500,0,1,0,0,normal
957,1579395,4109.44873,334.112854,-0.178588867,5.699999332,7500,7501,0,1,0,0,normal
958,1581130,4101.831055,339.3765564,-0.137451172,5.624999523,7500,7501,0,1,0,0,normal
959,1583064,4076.853027,355.3246155,-0.1706848,5.599999428,7501,7500,0,1,0,0,normal
960,1584674,4069.681396,340.6803894,-0.171920761,5.599999428,7501,7500,0,1,0,0,normal
961,1586259,4151.66748,281.6688843,-0.112136841,5.774999619,7501,7500,0,1,0,0,normal
962,1587838,4187.040527,295.4801025,-0.200599656,5.774999619,7500,7501,0,1,0,0,normal
963,1589451,4148.77002,298.631073,-0.126792893,5.699999332,7500,7501,0,1,0,0,normal
964,1591068,4033.318604,394.0901489,-0.182563767,5.549999237,7501,7500,0,1,0,0,normal
965,1592684,4072.796387,381.9329224,-0.185943604,5.574999332,7501,7500,0,1,0,0,normal
966,1594276,4123.33252,331.8673401,-0.195236206,5.699999332,7501,7500,0,1,0,0,normal
967,1595906,4107.758789,351.7269592,-0.135299668,5.649999619,7500,7501,0,1,0,0,normal
968,1597548,4056.148193,394.1384583,-0.167320251,5.599999428,7500,7501,0,1,0,0,normal
969,1599145,4116.536133,329.3682556,-0.150482163,5.649999619,7501,7500,0,1,0,0,normal
970,1600746,4005.33374,395.0559998,-0.1587677,5.524999619,7500,7501,0,1,0,0,normal
971,1602329,4137.916016,325.1548767,-0.190063477,5.699999332,7501,7500,0,1,0,0,normal
972,1603931,4102.217773,337.6018372,-0.156173691,5.649999619,7501,7500,0,1,0,0,normal
973,1605503,4074.474121,374.4357605,-0.187042236,5.624999523,7500,7501,0,1,0,0,normal
